mode_cn,mode,sub_mode_cn,sub_mode,phase_ver,rank,team_cn,app_rate,avg_round,source_kind,duplicate_count,unordered_signature
异相仲裁,aa,全 Boss / 未拆分,all_bosses,4.3.1,1,遐蝶 / 长夜月 / 昔涟 / 风堇,42.95,2.3,prydwen_page,15,aa|all_bosses|4.3.1|castorice>cyrene>hyacine>march-7th-evernight
末日幻影,as,全部,all,4.3.1,1,遐蝶 / 长夜月 / 昔涟 / 风堇,40.84,3510,prydwen_page,6,as|all|4.3.1|castorice>cyrene>hyacine>march-7th-evernight
虚构叙事,pf,全部,all,4.3.1,1,遐蝶 / 长夜月 / 昔涟 / 风堇,38.33,39776,prydwen_page,5,pf|all|4.3.1|castorice>cyrene>hyacine>march-7th-evernight
异相仲裁,aa,全 Boss / 未拆分,all_bosses,4.3.1,1,银狼LV.999 / 火花 / 爻光 / 藿藿,26.7,2.48,prydwen_page,15,aa|all_bosses|4.3.1|huohuo>silver-wolf-lv-999>sparxie>yao-guang
混沌回忆,moc,全部,all,4.2.1,1,银狼LV.999 / 火花 / 爻光 / 藿藿,24.4,7.03,prydwen_page,6,moc|all|4.2.1|huohuo>silver-wolf-lv-999>sparxie>yao-guang
虚构叙事,pf,全部,all,4.3.1,1,银狼LV.999 / 火花 / 爻光 / 藿藿,22.73,35605,prydwen_page,5,pf|all|4.3.1|huohuo>silver-wolf-lv-999>sparxie>yao-guang
混沌回忆,moc,全部,all,4.2.1,1,遐蝶 / 长夜月 / 昔涟 / 风堇,18.22,7.08,prydwen_page,6,moc|all|4.2.1|castorice>cyrene>hyacine>march-7th-evernight
末日幻影,as,全部,all,4.3.1,1,银狼LV.999 / 火花 / 爻光 / 藿藿,15.93,3645,prydwen_page,6,as|all|4.3.1|huohuo>silver-wolf-lv-999>sparxie>yao-guang
虚构叙事,pf,全部,all,4.3.1,1,流萤 / 忘归人 / 大丽花 / 灵砂,12.41,30475,prydwen_page,5,pf|all|4.3.1|firefly>lingsha>the-dahlia>tingyun-fugue
异相仲裁,aa,全 Boss / 未拆分,all_bosses,4.3.1,1,流萤 / 忘归人 / 大丽花 / 灵砂,11.43,3.28,prydwen_page,15,aa|all_bosses|4.3.1|firefly>lingsha>the-dahlia>tingyun-fugue
虚构叙事,pf,全部,all,4.3.1,2,绯英 / 开拓者•欢愉 / 爻光 / 藿藿,13.91,36941,prydwen_page,5,pf|all|4.3.1|evanescia>huohuo>trailblazer-elation>yao-guang
异相仲裁,aa,全 Boss / 未拆分,all_bosses,4.3.1,2,银狼LV.999 / 开拓者•欢愉 / 爻光 / 藿藿,11.84,3.35,prydwen_page,15,aa|all_bosses|4.3.1|huohuo>silver-wolf-lv-999>trailblazer-elation>yao-guang
异相仲裁,aa,全 Boss / 未拆分,all_bosses,4.3.1,2,绯英 / 开拓者•欢愉 / 爻光 / 藿藿,10.95,5.03,prydwen_page,15,aa|all_bosses|4.3.1|evanescia>huohuo>trailblazer-elation>yao-guang
混沌回忆,moc,全部,all,4.2.1,2,海瑟音 / 黑天鹅 / 卡芙卡 / 丹恒•腾荒,10.71,8.07,prydwen_page,6,moc|all|4.2.1|black-swan>dan-heng-permansor-terrae>hysilens>kafka
混沌回忆,moc,全部,all,4.2.1,2,银狼LV.999 / 开拓者•欢愉 / 爻光 / 藿藿,10.7,7.76,prydwen_page,6,moc|all|4.2.1|huohuo>silver-wolf-lv-999>trailblazer-elation>yao-guang
异相仲裁,aa,全 Boss / 未拆分,all_bosses,4.3.1,2,海瑟音 / 黑天鹅 / 卡芙卡 / 丹恒•腾荒,10.29,3.79,prydwen_page,15,aa|all_bosses|4.3.1|black-swan>dan-heng-permansor-terrae>hysilens>kafka
末日幻影,as,全部,all,4.3.1,2,绯英 / 开拓者•欢愉 / 爻光 / 藿藿,10.15,3650,prydwen_page,6,as|all|4.3.1|evanescia>huohuo>trailblazer-elation>yao-guang
末日幻影,as,全部,all,4.3.1,2,海瑟音 / 黑天鹅 / 卡芙卡 / 丹恒•腾荒,9.21,3409,prydwen_page,6,as|all|4.3.1|black-swan>dan-heng-permansor-terrae>hysilens>kafka
异相仲裁,aa,全 Boss / 未拆分,all_bosses,4.3.1,2,遐蝶 / 长夜月 / 缇宝 / 风堇,9.09,2.89,prydwen_page,15,aa|all_bosses|4.3.1|castorice>hyacine>march-7th-evernight>tribbie
虚构叙事,pf,全部,all,4.3.1,2,海瑟音 / 黑天鹅 / 卡芙卡 / 丹恒•腾荒,7.3,32260,prydwen_page,5,pf|all|4.3.1|black-swan>dan-heng-permansor-terrae>hysilens>kafka
末日幻影,as,全部,all,4.3.1,2,流萤 / 忘归人 / 大丽花 / 灵砂,6.46,3577,prydwen_page,6,as|all|4.3.1|firefly>lingsha>the-dahlia>tingyun-fugue
虚构叙事,pf,全部,all,4.3.1,2,遐蝶 / 长夜月 / 缇宝 / 风堇,5.74,39604,prydwen_page,5,pf|all|4.3.1|castorice>hyacine>march-7th-evernight>tribbie
虚构叙事,pf,全部,all,4.3.1,3,银狼LV.999 / 开拓者•欢愉 / 爻光 / 藿藿,10.62,33525,prydwen_page,5,pf|all|4.3.1|huohuo>silver-wolf-lv-999>trailblazer-elation>yao-guang
混沌回忆,moc,全部,all,4.2.1,3,流萤 / 忘归人 / 大丽花 / 灵砂,7.73,7.99,prydwen_page,6,moc|all|4.2.1|firefly>lingsha>the-dahlia>tingyun-fugue
混沌回忆,moc,全部,all,4.2.1,3,银狼LV.999 / 火花 / 爻光 / 丹恒•腾荒,7.11,7.52,prydwen_page,6,moc|all|4.2.1|dan-heng-permansor-terrae>silver-wolf-lv-999>sparxie>yao-guang
异相仲裁,aa,全 Boss / 未拆分,all_bosses,4.3.1,3,流萤 / 忘归人 / 阮•梅 / 大丽花,6.34,2.83,prydwen_page,12,aa|all_bosses|4.3.1|firefly>ruan-mei>the-dahlia>tingyun-fugue
末日幻影,as,全部,all,4.3.1,3,遐蝶 / 长夜月 / 缇宝 / 风堇,5.9,3312,prydwen_page,5,as|all|4.3.1|castorice>hyacine>march-7th-evernight>tribbie
虚构叙事,pf,全部,all,4.3.1,3,流萤 / 忘归人 / 阮•梅 / 大丽花,5.25,31899,prydwen_page,5,pf|all|4.3.1|firefly>ruan-mei>the-dahlia>tingyun-fugue
末日幻影,as,全部,all,4.3.1,3,流萤 / 忘归人 / 阮•梅 / 大丽花,4.97,3675,prydwen_page,6,as|all|4.3.1|firefly>ruan-mei>the-dahlia>tingyun-fugue
异相仲裁,aa,全 Boss / 未拆分,all_bosses,4.3.1,3,遐蝶 / 昔涟 / 缇宝 / 风堇,2.93,3.61,prydwen_page,11,aa|all_bosses|4.3.1|castorice>cyrene>hyacine>tribbie
末日幻影,as,全部,all,4.3.1,4,银狼LV.999 / 开拓者•欢愉 / 爻光 / 藿藿,8.29,3575,prydwen_page,5,as|all|4.3.1|huohuo>silver-wolf-lv-999>trailblazer-elation>yao-guang
异相仲裁,aa,全 Boss / 未拆分,all_bosses,4.3.1,4,银狼LV.999 / 火花 / 爻光 / 丹恒•腾荒,6.91,2.75,prydwen_page,14,aa|all_bosses|4.3.1|dan-heng-permansor-terrae>silver-wolf-lv-999>sparxie>yao-guang
虚构叙事,pf,全部,all,4.3.1,4,银狼LV.999 / 火花 / 爻光 / 丹恒•腾荒,5.74,34437,prydwen_page,5,pf|all|4.3.1|dan-heng-permansor-terrae>silver-wolf-lv-999>sparxie>yao-guang
混沌回忆,moc,全部,all,4.2.1,4,绯英 / 开拓者•欢愉 / 爻光 / 藿藿,5.52,7.59,prydwen_page,6,moc|all|4.2.1|evanescia>huohuo>trailblazer-elation>yao-guang
混沌回忆,moc,全部,all,4.2.1,4,流萤 / 忘归人 / 阮•梅 / 大丽花,4.66,6.64,prydwen_page,6,moc|all|4.2.1|firefly>ruan-mei>the-dahlia>tingyun-fugue
末日幻影,as,全部,all,4.3.1,4,白厄 / 刻律德菈 / 星期日 / 丹恒•腾荒,4.29,3329,prydwen_page,6,as|all|4.3.1|cerydra>dan-heng-permansor-terrae>phainon>sunday
末日幻影,as,全部,all,4.3.1,4,海瑟音 / 黑天鹅 / 卡芙卡 / 藿藿,3.65,3394,prydwen_page,6,as|all|4.3.1|black-swan>huohuo>hysilens>kafka
异相仲裁,aa,全 Boss / 未拆分,all_bosses,4.3.1,4,流萤 / 忘归人 / 大丽花 / 加拉赫,3.26,4.02,prydwen_page,14,aa|all_bosses|4.3.1|firefly>gallagher>the-dahlia>tingyun-fugue
异相仲裁,aa,全 Boss / 未拆分,all_bosses,4.3.1,4,遐蝶 / 长夜月 / 开拓者•记忆 / 风堇,2.84,3.18,prydwen_page,12,aa|all_bosses|4.3.1|castorice>hyacine>march-7th-evernight>trailblazer-remembrance
虚构叙事,pf,全部,all,4.3.1,4,长夜月 / 昔涟 / 开拓者•记忆 / 风堇,2.26,40000,prydwen_page,4,pf|all|4.3.1|cyrene>hyacine>march-7th-evernight>trailblazer-remembrance
末日幻影,as,全部,all,4.3.1,5,银狼LV.999 / 火花 / 爻光 / 丹恒•腾荒,7.83,3630,prydwen_page,5,as|all|4.3.1|dan-heng-permansor-terrae>silver-wolf-lv-999>sparxie>yao-guang
异相仲裁,aa,全 Boss / 未拆分,all_bosses,4.3.1,5,不死途 / 千冶•刃 / 缇宝 / 风堇,4.98,4.59,prydwen_page,15,aa|all_bosses|4.3.1|ashveil>blade-mortenax>hyacine>tribbie
异相仲裁,aa,全 Boss / 未拆分,all_bosses,4.3.1,5,海瑟音 / 黑天鹅 / 卡芙卡 / 藿藿,3.14,3.7,prydwen_page,15,aa|all_bosses|4.3.1|black-swan>huohuo>hysilens>kafka
虚构叙事,pf,全部,all,4.3.1,5,流萤 / 忘归人 / 开拓者 - 同谐 / 大丽花,3.06,35262,prydwen_page,5,pf|all|4.3.1|firefly>the-dahlia>tingyun-fugue>trailblazer-harmony
末日幻影,as,全部,all,4.3.1,5,遐蝶 / 长夜月 / 开拓者•记忆 / 风堇,2.89,3381,prydwen_page,5,as|all|4.3.1|castorice>hyacine>march-7th-evernight>trailblazer-remembrance
异相仲裁,aa,全 Boss / 未拆分,all_bosses,4.3.1,5,Archer / 花火 / 缇宝 / 丹恒•腾荒,2.48,5.21,prydwen_page,13,aa|all_bosses|4.3.1|archer>dan-heng-permansor-terrae>sparkle>tribbie
虚构叙事,pf,全部,all,4.3.1,5,遐蝶 / 长夜月 / 开拓者•记忆 / 风堇,2.16,38982,prydwen_page,5,pf|all|4.3.1|castorice>hyacine>march-7th-evernight>trailblazer-remembrance
混沌回忆,moc,全部,all,4.2.1,6,海瑟音 / 黑天鹅 / 卡芙卡 / 藿藿,3.51,8.12,prydwen_page,6,moc|all|4.2.1|black-swan>huohuo>hysilens>kafka
末日幻影,as,全部,all,4.3.1,6,流萤 / 忘归人 / 大丽花 / 加拉赫,3.06,3309,prydwen_page,6,as|all|4.3.1|firefly>gallagher>the-dahlia>tingyun-fugue
虚构叙事,pf,全部,all,4.3.1,6,流萤 / 忘归人 / 大丽花 / 加拉赫,3.05,28710,prydwen_page,5,pf|all|4.3.1|firefly>gallagher>the-dahlia>tingyun-fugue
异相仲裁,aa,全 Boss / 未拆分,all_bosses,4.3.1,6,流萤 / 忘归人 / 开拓者 - 同谐 / 大丽花,2.89,2.06,prydwen_page,12,aa|all_bosses|4.3.1|firefly>the-dahlia>tingyun-fugue>trailblazer-harmony
异相仲裁,aa,全 Boss / 未拆分,all_bosses,4.3.1,6,银狼LV.999 / 开拓者•欢愉 / 爻光 / 丹恒•腾荒,2.2,3.89,prydwen_page,13,aa|all_bosses|4.3.1|dan-heng-permansor-terrae>silver-wolf-lv-999>trailblazer-elation>yao-guang
虚构叙事,pf,全部,all,4.3.1,6,大黑塔 / 黑塔 / 缇宝 / 丹恒•腾荒,2.07,27755,prydwen_page,4,pf|all|4.3.1|dan-heng-permansor-terrae>herta>the-herta>tribbie
虚构叙事,pf,全部,all,4.3.1,6,银狼LV.999 / 开拓者•欢愉 / 爻光 / 丹恒•腾荒,1.92,32092,prydwen_page,3,pf|all|4.3.1|dan-heng-permansor-terrae>silver-wolf-lv-999>trailblazer-elation>yao-guang
末日幻影,as,全部,all,4.3.1,6,遐蝶 / 昔涟 / 开拓者•记忆 / 风堇,1.64,3268,prydwen_page,4,as|all|4.3.1|castorice>cyrene>hyacine>trailblazer-remembrance
混沌回忆,moc,全部,all,4.2.1,7,白厄 / 刻律德菈 / 星期日 / 丹恒•腾荒,3.34,9.42,prydwen_page,6,moc|all|4.2.1|cerydra>dan-heng-permansor-terrae>phainon>sunday
末日幻影,as,全部,all,4.3.1,7,Archer / 花火 / 缇宝 / 丹恒•腾荒,2.75,3323,prydwen_page,5,as|all|4.3.1|archer>dan-heng-permansor-terrae>sparkle>tribbie
末日幻影,as,全部,all,4.3.1,7,银狼LV.999 / 开拓者•欢愉 / 爻光 / 丹恒•腾荒,2.69,3563,prydwen_page,4,as|all|4.3.1|dan-heng-permansor-terrae>silver-wolf-lv-999>trailblazer-elation>yao-guang
混沌回忆,moc,全部,all,4.2.1,7,银狼LV.999 / 火花 / 开拓者•欢愉 / 藿藿,2.47,7.83,prydwen_page,5,moc|all|4.2.1|huohuo>silver-wolf-lv-999>sparxie>trailblazer-elation
虚构叙事,pf,全部,all,4.3.1,7,不死途 / 千冶•刃 / 缇宝 / 风堇,2.45,38609,prydwen_page,5,pf|all|4.3.1|ashveil>blade-mortenax>hyacine>tribbie
异相仲裁,aa,全 Boss / 未拆分,all_bosses,4.3.1,7,白厄 / 刻律德菈 / 星期日 / 丹恒•腾荒,2.42,5.03,prydwen_page,15,aa|all_bosses|4.3.1|cerydra>dan-heng-permansor-terrae>phainon>sunday
虚构叙事,pf,全部,all,4.3.1,7,大黑塔 / 那刻夏 / 缇宝 / 丹恒•腾荒,1.99,28760,prydwen_page,4,pf|all|4.3.1|anaxa>dan-heng-permansor-terrae>the-herta>tribbie
虚构叙事,pf,全部,all,4.3.1,7,海瑟音 / 黑天鹅 / 卡芙卡 / 藿藿,1.74,31187,prydwen_page,5,pf|all|4.3.1|black-swan>huohuo>hysilens>kafka
末日幻影,as,全部,all,4.3.1,7,长夜月 / 昔涟 / 开拓者•记忆 / 风堇,1.63,3442,prydwen_page,4,as|all|4.3.1|cyrene>hyacine>march-7th-evernight>trailblazer-remembrance
异相仲裁,aa,全 Boss / 未拆分,all_bosses,4.3.1,7,Archer / 知更鸟 / 花火 / 丹恒•腾荒,1.47,5.86,prydwen_page,14,aa|all_bosses|4.3.1|archer>dan-heng-permansor-terrae>robin>sparkle
异相仲裁,aa,全 Boss / 未拆分,all_bosses,4.3.1,8,银狼LV.999 / 火花 / 爻光 / 风堇,3.26,4.99,prydwen_page,12,aa|all_bosses|4.3.1|hyacine>silver-wolf-lv-999>sparxie>yao-guang
混沌回忆,moc,全部,all,4.2.1,8,遐蝶 / 长夜月 / 缇宝 / 风堇,3.15,8.3,prydwen_page,6,moc|all|4.2.1|castorice>hyacine>march-7th-evernight>tribbie
虚构叙事,pf,全部,all,4.3.1,8,黄泉 / 千冶•刃 / 缇宝 / 风堇,2.35,34549,prydwen_page,4,pf|all|4.3.1|acheron>blade-mortenax>hyacine>tribbie
混沌回忆,moc,全部,all,4.2.1,8,银狼LV.999 / 开拓者•欢愉 / 爻光 / 丹恒•腾荒,2.08,8.49,prydwen_page,5,moc|all|4.2.1|dan-heng-permansor-terrae>silver-wolf-lv-999>trailblazer-elation>yao-guang
末日幻影,as,全部,all,4.3.1,8,白厄 / 刻律德菈 / 花火 / 星期日,2.06,3476,prydwen_page,6,as|all|4.3.1|cerydra>phainon>sparkle>sunday
末日幻影,as,全部,all,4.3.1,8,绯英 / 开拓者•欢愉 / 爻光 / 丹恒•腾荒,2.02,3608,prydwen_page,4,as|all|4.3.1|dan-heng-permansor-terrae>evanescia>trailblazer-elation>yao-guang
虚构叙事,pf,全部,all,4.3.1,8,遐蝶 / 昔涟 / 缇宝 / 风堇,1.65,37209,prydwen_page,4,pf|all|4.3.1|castorice>cyrene>hyacine>tribbie
虚构叙事,pf,全部,all,4.3.1,8,白厄 / 刻律德菈 / 花火 / 星期日,1.52,27072,prydwen_page,5,pf|all|4.3.1|cerydra>phainon>sparkle>sunday
异相仲裁,aa,全 Boss / 未拆分,all_bosses,4.3.1,8,流萤 / 开拓者 - 同谐 / 阮•梅 / 大丽花,1.44,3.45,prydwen_page,11,aa|all_bosses|4.3.1|firefly>ruan-mei>the-dahlia>trailblazer-harmony
异相仲裁,aa,全 Boss / 未拆分,all_bosses,4.3.1,8,遐蝶 / 昔涟 / 开拓者•记忆 / 风堇,1.44,3.8,prydwen_page,10,aa|all_bosses|4.3.1|castorice>cyrene>hyacine>trailblazer-remembrance
末日幻影,as,全部,all,4.3.1,8,遐蝶 / 昔涟 / 缇宝 / 风堇,1.33,3156,prydwen_page,5,as|all|4.3.1|castorice>cyrene>hyacine>tribbie
混沌回忆,moc,全部,all,4.2.1,9,流萤 / 忘归人 / 大丽花 / 加拉赫,2.19,8.18,prydwen_page,6,moc|all|4.2.1|firefly>gallagher>the-dahlia>tingyun-fugue
混沌回忆,moc,全部,all,4.2.1,9,银狼LV.999 / 火花 / 爻光 / 风堇,1.55,7.96,prydwen_page,5,moc|all|4.2.1|hyacine>silver-wolf-lv-999>sparxie>yao-guang
虚构叙事,pf,全部,all,4.3.1,9,白厄 / 刻律德菈 / 星期日 / 丹恒•腾荒,1.53,25256,prydwen_page,5,pf|all|4.3.1|cerydra>dan-heng-permansor-terrae>phainon>sunday
异相仲裁,aa,全 Boss / 未拆分,all_bosses,4.3.1,9,遐蝶 / 开拓者•记忆 / 缇宝 / 风堇,1.42,4.11,prydwen_page,12,aa|all_bosses|4.3.1|castorice>hyacine>trailblazer-remembrance>tribbie
末日幻影,as,全部,all,4.3.1,9,那刻夏 / 刻律德菈 / 昔涟 / 丹恒•腾荒,1.01,3381,prydwen_page,6,as|all|4.3.1|anaxa>cerydra>cyrene>dan-heng-permansor-terrae
混沌回忆,moc,全部,all,4.2.1,10,流萤 / 忘归人 / 开拓者 - 同谐 / 大丽花,2.17,5.33,prydwen_page,6,moc|all|4.2.1|firefly>the-dahlia>tingyun-fugue>trailblazer-harmony
异相仲裁,aa,全 Boss / 未拆分,all_bosses,4.3.1,10,黄泉 / 千冶•刃 / 缇宝 / 风堇,1.96,6,prydwen_page,14,aa|all_bosses|4.3.1|acheron>blade-mortenax>hyacine>tribbie
末日幻影,as,全部,all,4.3.1,10,不死途 / 千冶•刃 / 缇宝 / 风堇,1.72,3662,prydwen_page,6,as|all|4.3.1|ashveil>blade-mortenax>hyacine>tribbie
异相仲裁,aa,全 Boss / 未拆分,all_bosses,4.3.1,10,不死途 / 千冶•刃 / 缇宝 / 丹恒•腾荒,1.39,2.73,prydwen_page,14,aa|all_bosses|4.3.1|ashveil>blade-mortenax>dan-heng-permansor-terrae>tribbie
末日幻影,as,全部,all,4.3.1,10,流萤 / 忘归人 / 开拓者 - 同谐 / 大丽花,1.32,3438,prydwen_page,5,as|all|4.3.1|firefly>the-dahlia>tingyun-fugue>trailblazer-harmony
异相仲裁,aa,全 Boss / 未拆分,all_bosses,4.3.1,10,长夜月 / 昔涟 / 开拓者•记忆 / 风堇,1.3,2.96,prydwen_page,14,aa|all_bosses|4.3.1|cyrene>hyacine>march-7th-evernight>trailblazer-remembrance
异相仲裁,aa,全 Boss / 未拆分,all_bosses,4.3.1,10,银狼LV.999 / 火花 / 爻光 / 符玄,1.29,2.37,prydwen_page,12,aa|all_bosses|4.3.1|fu-xuan>silver-wolf-lv-999>sparxie>yao-guang
虚构叙事,pf,全部,all,4.3.1,10,银狼LV.999 / 火花 / 开拓者•欢愉 / 爻光,1.2,38700,prydwen_page,4,pf|all|4.3.1|silver-wolf-lv-999>sparxie>trailblazer-elation>yao-guang
虚构叙事,pf,全部,all,4.3.1,10,绯英 / 开拓者•欢愉 / 爻光 / 丹恒•腾荒,1.2,34833,prydwen_page,4,pf|all|4.3.1|dan-heng-permansor-terrae>evanescia>trailblazer-elation>yao-guang
末日幻影,as,全部,all,4.3.1,10,大黑塔 / 那刻夏 / 缇宝 / 丹恒•腾荒,0.81,2899,prydwen_page,5,as|all|4.3.1|anaxa>dan-heng-permansor-terrae>the-herta>tribbie
混沌回忆,moc,全部,all,4.2.1,11,白厄 / 刻律德菈 / 花火 / 星期日,1.78,7.09,prydwen_page,6,moc|all|4.2.1|cerydra>phainon>sparkle>sunday
虚构叙事,pf,全部,all,4.3.1,11,不死途 / 千冶•刃 / 缇宝 / 藿藿,1.68,35860,prydwen_page,5,pf|all|4.3.1|ashveil>blade-mortenax>huohuo>tribbie
末日幻影,as,全部,all,4.3.1,11,银狼LV.999 / 火花 / 爻光 / 砂金,1.28,3652,prydwen_page,4,as|all|4.3.1|aventurine>silver-wolf-lv-999>sparxie>yao-guang
混沌回忆,moc,全部,all,4.2.1,11,不死途 / 千冶•刃 / 缇宝 / 风堇,1.27,7.88,prydwen_page,5,moc|all|4.2.1|ashveil>blade-mortenax>hyacine>tribbie
异相仲裁,aa,全 Boss / 未拆分,all_bosses,4.3.1,11,黄泉 / 千冶•刃 / 缇宝 / 丹恒•腾荒,1.26,4.05,prydwen_page,14,aa|all_bosses|4.3.1|acheron>blade-mortenax>dan-heng-permansor-terrae>tribbie
异相仲裁,aa,全 Boss / 未拆分,all_bosses,4.3.1,11,银狼LV.999 / 火花 / 开拓者•欢愉 / 藿藿,1.23,4.24,prydwen_page,13,aa|all_bosses|4.3.1|huohuo>silver-wolf-lv-999>sparxie>trailblazer-elation
虚构叙事,pf,全部,all,4.3.1,11,那刻夏 / 刻律德菈 / 昔涟 / 丹恒•腾荒,1.23,33454,prydwen_page,4,pf|all|4.3.1|anaxa>cerydra>cyrene>dan-heng-permansor-terrae
异相仲裁,aa,全 Boss / 未拆分,all_bosses,4.3.1,11,大黑塔 / 那刻夏 / 缇宝 / 丹恒•腾荒,1.07,5.64,prydwen_page,13,aa|all_bosses|4.3.1|anaxa>dan-heng-permansor-terrae>the-herta>tribbie
末日幻影,as,全部,all,4.3.1,11,海瑟音 / 黑天鹅 / 卡芙卡 / 风堇,0.78,3323,prydwen_page,4,as|all|4.3.1|black-swan>hyacine>hysilens>kafka
虚构叙事,pf,全部,all,4.3.1,12,黄泉 / 千冶•刃 / 缇宝 / 灵砂,1.49,32722,prydwen_page,3,pf|all|4.3.1|acheron>blade-mortenax>lingsha>tribbie
混沌回忆,moc,全部,all,4.2.1,12,白厄 / 刻律德菈 / 昔涟 / 丹恒•腾荒,1.48,8.62,prydwen_page,6,moc|all|4.2.1|cerydra>cyrene>dan-heng-permansor-terrae>phainon
异相仲裁,aa,全 Boss / 未拆分,all_bosses,4.3.1,12,银狼LV.999 / 绯英 / 爻光 / 藿藿,1.33,4.68,prydwen_page,13,aa|all_bosses|4.3.1|evanescia>huohuo>silver-wolf-lv-999>yao-guang
异相仲裁,aa,全 Boss / 未拆分,all_bosses,4.3.1,12,银狼LV.999 / 开拓者•欢愉 / 爻光 / 风堇,1.33,5.75,prydwen_page,12,aa|all_bosses|4.3.1|hyacine>silver-wolf-lv-999>trailblazer-elation>yao-guang
异相仲裁,aa,全 Boss / 未拆分,all_bosses,4.3.1,12,白厄 / 刻律德菈 / 花火 / 星期日,1.21,3.94,prydwen_page,15,aa|all_bosses|4.3.1|cerydra>phainon>sparkle>sunday
异相仲裁,aa,全 Boss / 未拆分,all_bosses,4.3.1,12,银狼LV.999 / 火花 / 爻光 / 砂金,1.08,2.65,prydwen_page,13,aa|all_bosses|4.3.1|aventurine>silver-wolf-lv-999>sparxie>yao-guang
异相仲裁,aa,全 Boss / 未拆分,all_bosses,4.3.1,12,Archer / 开拓者•记忆 / 花火 / 丹恒•腾荒,1.06,5.09,prydwen_page,12,aa|all_bosses|4.3.1|archer>dan-heng-permansor-terrae>sparkle>trailblazer-remembrance
末日幻影,as,全部,all,4.3.1,12,流萤 / 开拓者 - 同谐 / 大丽花 / 加拉赫,0.99,3306,prydwen_page,5,as|all|4.3.1|firefly>gallagher>the-dahlia>trailblazer-harmony
末日幻影,as,全部,all,4.3.1,12,遐蝶 / 开拓者•记忆 / 缇宝 / 风堇,0.77,3140,prydwen_page,4,as|all|4.3.1|castorice>hyacine>trailblazer-remembrance>tribbie
混沌回忆,moc,全部,all,4.2.1,13,流萤 / 开拓者 - 同谐 / 阮•梅 / 大丽花,1.38,6,prydwen_page,6,moc|all|4.2.1|firefly>ruan-mei>the-dahlia>trailblazer-harmony
虚构叙事,pf,全部,all,4.3.1,13,黄泉 / 千冶•刃 / 缇宝 / 加拉赫,1.24,29725,prydwen_page,3,pf|all|4.3.1|acheron>blade-mortenax>gallagher>tribbie
虚构叙事,pf,全部,all,4.3.1,13,银狼LV.999 / 绯英 / 爻光 / 藿藿,1.1,36624,prydwen_page,3,pf|all|4.3.1|evanescia>huohuo>silver-wolf-lv-999>yao-guang
末日幻影,as,全部,all,4.3.1,13,流萤 / 忘归人 / 大丽花 / 丹恒•腾荒,0.97,3319,prydwen_page,5,as|all|4.3.1|dan-heng-permansor-terrae>firefly>the-dahlia>tingyun-fugue
异相仲裁,aa,全 Boss / 未拆分,all_bosses,4.3.1,13,长夜月 / 昔涟 / 缇宝 / 风堇,0.94,3.11,prydwen_page,13,aa|all_bosses|4.3.1|cyrene>hyacine>march-7th-evernight>tribbie
末日幻影,as,全部,all,4.3.1,14,不死途 / 千冶•刃 / 缇宝 / 藿藿,1.29,3608,prydwen_page,5,as|all|4.3.1|ashveil>blade-mortenax>huohuo>tribbie
虚构叙事,pf,全部,all,4.3.1,14,流萤 / 开拓者 - 同谐 / 阮•梅 / 大丽花,1.23,31040,prydwen_page,4,pf|all|4.3.1|firefly>ruan-mei>the-dahlia>trailblazer-harmony
混沌回忆,moc,全部,all,4.2.1,14,遐蝶 / 昔涟 / 缇宝 / 风堇,1.07,8.71,prydwen_page,6,moc|all|4.2.1|castorice>cyrene>hyacine>tribbie
混沌回忆,moc,全部,all,4.2.1,14,银狼LV.999 / 开拓者•欢愉 / 爻光 / 风堇,0.96,8.41,prydwen_page,5,moc|all|4.2.1|hyacine>silver-wolf-lv-999>trailblazer-elation>yao-guang
虚构叙事,pf,全部,all,4.3.1,14,长夜月 / 昔涟 / 缇宝 / 风堇,0.96,39853,prydwen_page,3,pf|all|4.3.1|cyrene>hyacine>march-7th-evernight>tribbie
虚构叙事,pf,全部,all,4.3.1,14,银狼LV.999 / 火花 / 爻光 / 符玄,0.88,35580,prydwen_page,4,pf|all|4.3.1|fu-xuan>silver-wolf-lv-999>sparxie>yao-guang
异相仲裁,aa,全 Boss / 未拆分,all_bosses,4.3.1,14,遐蝶 / 长夜月 / 阮•梅 / 风堇,0.77,3.77,prydwen_page,10,aa|all_bosses|4.3.1|castorice>hyacine>march-7th-evernight>ruan-mei
虚构叙事,pf,全部,all,4.3.1,15,黄泉 / 千冶•刃 / 缇宝 / 藿藿,1.15,30979,prydwen_page,3,pf|all|4.3.1|acheron>blade-mortenax>huohuo>tribbie
末日幻影,as,全部,all,4.3.1,15,银狼LV.999 / 开拓者•欢愉 / 爻光 / 砂金,0.93,3551,prydwen_page,4,as|all|4.3.1|aventurine>silver-wolf-lv-999>trailblazer-elation>yao-guang
虚构叙事,pf,全部,all,4.3.1,15,大黑塔 / 翡翠 / 缇宝 / 丹恒•腾荒,0.89,29750,prydwen_page,3,pf|all|4.3.1|dan-heng-permansor-terrae>jade>the-herta>tribbie
混沌回忆,moc,全部,all,4.2.1,15,遐蝶 / 长夜月 / 开拓者•记忆 / 风堇,0.82,8.43,prydwen_page,6,moc|all|4.2.1|castorice>hyacine>march-7th-evernight>trailblazer-remembrance
混沌回忆,moc,全部,all,4.2.1,15,黄泉 / 千冶•刃 / 缇宝 / 风堇,0.82,8.62,prydwen_page,5,moc|all|4.2.1|acheron>blade-mortenax>hyacine>tribbie
异相仲裁,aa,全 Boss / 未拆分,all_bosses,4.3.1,15,银狼LV.999 / 开拓者•欢愉 / 爻光 / 砂金,0.81,3.73,prydwen_page,13,aa|all_bosses|4.3.1|aventurine>silver-wolf-lv-999>trailblazer-elation>yao-guang
虚构叙事,pf,全部,all,4.3.1,15,银狼LV.999 / 火花 / 花火 / 爻光,0.81,38126,prydwen_page,4,pf|all|4.3.1|silver-wolf-lv-999>sparkle>sparxie>yao-guang
末日幻影,as,全部,all,4.3.1,15,海瑟音 / 黑天鹅 / 卡芙卡 / 砂金,0.65,3323,prydwen_page,4,as|all|4.3.1|aventurine>black-swan>hysilens>kafka
末日幻影,as,全部,all,4.3.1,16,黄泉 / 千冶•刃 / 缇宝 / 风堇,1.13,3364,prydwen_page,6,as|all|4.3.1|acheron>blade-mortenax>hyacine>tribbie
虚构叙事,pf,全部,all,4.3.1,16,黄泉 / 千冶•刃 / 缇宝 / 丹恒•腾荒,1.05,29057,prydwen_page,3,pf|all|4.3.1|acheron>blade-mortenax>dan-heng-permansor-terrae>tribbie
末日幻影,as,全部,all,4.3.1,16,银狼LV.999 / 火花 / 开拓者•欢愉 / 藿藿,0.83,3477,prydwen_page,5,as|all|4.3.1|huohuo>silver-wolf-lv-999>sparxie>trailblazer-elation
异相仲裁,aa,全 Boss / 未拆分,all_bosses,4.3.1,16,流萤 / 开拓者 - 同谐 / 大丽花 / 灵砂,0.81,4.04,prydwen_page,14,aa|all_bosses|4.3.1|firefly>lingsha>the-dahlia>trailblazer-harmony
虚构叙事,pf,全部,all,4.3.1,16,遐蝶 / 昔涟 / 开拓者•记忆 / 风堇,0.81,35130,prydwen_page,3,pf|all|4.3.1|castorice>cyrene>hyacine>trailblazer-remembrance
异相仲裁,aa,全 Boss / 未拆分,all_bosses,4.3.1,16,那刻夏 / 刻律德菈 / 昔涟 / 丹恒•腾荒,0.66,4.82,prydwen_page,13,aa|all_bosses|4.3.1|anaxa>cerydra>cyrene>dan-heng-permansor-terrae
末日幻影,as,全部,all,4.3.1,16,长夜月 / 昔涟 / 缇宝 / 风堇,0.61,3300,prydwen_page,4,as|all|4.3.1|cyrene>hyacine>march-7th-evernight>tribbie
虚构叙事,pf,全部,all,4.3.1,17,不死途 / 千冶•刃 / 缇宝 / 灵砂,0.99,38005,prydwen_page,3,pf|all|4.3.1|ashveil>blade-mortenax>lingsha>tribbie
混沌回忆,moc,全部,all,4.2.1,17,银狼LV.999 / 火花 / 开拓者•欢愉 / 丹恒•腾荒,0.83,9,prydwen_page,5,moc|all|4.2.1|dan-heng-permansor-terrae>silver-wolf-lv-999>sparxie>trailblazer-elation
异相仲裁,aa,全 Boss / 未拆分,all_bosses,4.3.1,17,不死途 / 千冶•刃 / 缇宝 / 藿藿,0.8,3.06,prydwen_page,15,aa|all_bosses|4.3.1|ashveil>blade-mortenax>huohuo>tribbie
末日幻影,as,全部,all,4.3.1,17,流萤 / 开拓者 - 同谐 / 大丽花 / 灵砂,0.8,3314,prydwen_page,5,as|all|4.3.1|firefly>lingsha>the-dahlia>trailblazer-harmony
虚构叙事,pf,全部,all,4.3.1,17,遐蝶 / 开拓者•记忆 / 缇宝 / 风堇,0.74,35564,prydwen_page,4,pf|all|4.3.1|castorice>hyacine>trailblazer-remembrance>tribbie
异相仲裁,aa,全 Boss / 未拆分,all_bosses,4.3.1,17,绯英 / 开拓者•欢愉 / 爻光 / 丹恒•腾荒,0.69,4.27,prydwen_page,14,aa|all_bosses|4.3.1|dan-heng-permansor-terrae>evanescia>trailblazer-elation>yao-guang
末日幻影,as,全部,all,4.3.1,17,白厄 / 刻律德菈 / 昔涟 / 开拓者•记忆,0.52,3366,prydwen_page,5,as|all|4.3.1|cerydra>cyrene>phainon>trailblazer-remembrance
末日幻影,as,全部,all,4.3.1,17,希儿 / 花火 / 星期日 / 丹恒•腾荒,0.52,3499,prydwen_page,5,as|all|4.3.1|dan-heng-permansor-terrae>seele>sparkle>sunday
末日幻影,as,全部,all,4.3.1,17,海瑟音 / 卡芙卡 / 昔涟 / 丹恒•腾荒,0.52,3417,prydwen_page,4,as|all|4.3.1|cyrene>dan-heng-permansor-terrae>hysilens>kafka
末日幻影,as,全部,all,4.3.1,18,Archer / 银狼 / 花火 / 丹恒•腾荒,0.91,3434,prydwen_page,5,as|all|4.3.1|archer>dan-heng-permansor-terrae>silver-wolf>sparkle
虚构叙事,pf,全部,all,4.3.1,18,流萤 / 开拓者 - 同谐 / 大丽花 / 灵砂,0.91,27825,prydwen_page,3,pf|all|4.3.1|firefly>lingsha>the-dahlia>trailblazer-harmony
虚构叙事,pf,全部,all,4.3.1,18,不死途 / 千冶•刃 / 缇宝 / 丹恒•腾荒,0.91,34419,prydwen_page,3,pf|all|4.3.1|ashveil>blade-mortenax>dan-heng-permansor-terrae>tribbie
混沌回忆,moc,全部,all,4.2.1,18,不死途 / 星期日 / 缇宝 / 丹恒•腾荒,0.8,8.05,prydwen_page,6,moc|all|4.2.1|ashveil>dan-heng-permansor-terrae>sunday>tribbie
异相仲裁,aa,全 Boss / 未拆分,all_bosses,4.3.1,18,流萤 / 阮•梅 / 大丽花 / 加拉赫,0.77,5.18,prydwen_page,13,aa|all_bosses|4.3.1|firefly>gallagher>ruan-mei>the-dahlia
虚构叙事,pf,全部,all,4.3.1,18,大黑塔 / 那刻夏 / 缇宝 / 风堇,0.73,30480,prydwen_page,3,pf|all|4.3.1|anaxa>hyacine>the-herta>tribbie
混沌回忆,moc,全部,all,4.2.1,18,Archer / 花火 / 缇宝 / 丹恒•腾荒,0.71,10,prydwen_page,6,moc|all|4.2.1|archer>dan-heng-permansor-terrae>sparkle>tribbie
末日幻影,as,全部,all,4.3.1,18,银狼LV.999 / 绯英 / 爻光 / 藿藿,0.69,3642,prydwen_page,4,as|all|4.3.1|evanescia>huohuo>silver-wolf-lv-999>yao-guang
异相仲裁,aa,全 Boss / 未拆分,all_bosses,4.3.1,18,流萤 / 开拓者 - 同谐 / 大丽花 / 加拉赫,0.61,5.3,prydwen_page,14,aa|all_bosses|4.3.1|firefly>gallagher>the-dahlia>trailblazer-harmony
虚构叙事,pf,全部,all,4.3.1,18,银狼LV.999 / 火花 / 开拓者•欢愉 / 藿藿,0.61,29400,prydwen_page,3,pf|all|4.3.1|huohuo>silver-wolf-lv-999>sparxie>trailblazer-elation
虚构叙事,pf,全部,all,4.3.1,19,白厄 / 刻律德菈 / 昔涟 / 丹恒•腾荒,0.69,25863,prydwen_page,5,pf|all|4.3.1|cerydra>cyrene>dan-heng-permansor-terrae>phainon
混沌回忆,moc,全部,all,4.2.1,19,绯英 / 开拓者•欢愉 / 花火 / 藿藿,0.67,7.9,prydwen_page,6,moc|all|4.2.1|evanescia>huohuo>sparkle>trailblazer-elation
混沌回忆,moc,全部,all,4.2.1,19,火花 / 花火 / 爻光 / 丹恒•腾荒,0.66,8.75,prydwen_page,5,moc|all|4.2.1|dan-heng-permansor-terrae>sparkle>sparxie>yao-guang
虚构叙事,pf,全部,all,4.3.1,19,绯英 / 火花 / 爻光 / 藿藿,0.6,36673,prydwen_page,3,pf|all|4.3.1|evanescia>huohuo>sparxie>yao-guang
异相仲裁,aa,全 Boss / 未拆分,all_bosses,4.3.1,19,大黑塔 / 那刻夏 / 缇宝 / 风堇,0.59,5.55,prydwen_page,10,aa|all_bosses|4.3.1|anaxa>hyacine>the-herta>tribbie
末日幻影,as,全部,all,4.3.1,20,白厄 / 刻律德菈 / 昔涟 / 丹恒•腾荒,0.83,3339,prydwen_page,6,as|all|4.3.1|cerydra>cyrene>dan-heng-permansor-terrae>phainon
混沌回忆,moc,全部,all,4.2.1,20,流萤 / 开拓者 - 同谐 / 大丽花 / 灵砂,0.65,8.1,prydwen_page,6,moc|all|4.2.1|firefly>lingsha>the-dahlia>trailblazer-harmony
混沌回忆,moc,全部,all,4.2.1,20,银狼LV.999 / 火花 / 爻光 / 符玄,0.65,8,prydwen_page,5,moc|all|4.2.1|fu-xuan>silver-wolf-lv-999>sparxie>yao-guang
异相仲裁,aa,全 Boss / 未拆分,all_bosses,4.3.1,20,黄泉 / 千冶•刃 / 缇宝 / 瓦尔特,0.64,2.68,prydwen_page,8,aa|all_bosses|4.3.1|acheron>blade-mortenax>tribbie>welt
虚构叙事,pf,全部,all,4.3.1,20,遐蝶 / 长夜月 / 阮•梅 / 风堇,0.63,36943,prydwen_page,3,pf|all|4.3.1|castorice>hyacine>march-7th-evernight>ruan-mei
虚构叙事,pf,全部,all,4.3.1,20,大黑塔 / 黑塔 / 缇宝 / 风堇,0.63,29413,prydwen_page,3,pf|all|4.3.1|herta>hyacine>the-herta>tribbie
异相仲裁,aa,全 Boss / 未拆分,all_bosses,4.3.1,20,火花 / 花火 / 爻光 / 丹恒•腾荒,0.59,4.46,prydwen_page,14,aa|all_bosses|4.3.1|dan-heng-permansor-terrae>sparkle>sparxie>yao-guang
末日幻影,as,全部,all,4.3.1,20,银狼LV.999 / 火花 / 爻光 / 符玄,0.57,3627,prydwen_page,5,as|all|4.3.1|fu-xuan>silver-wolf-lv-999>sparxie>yao-guang
异相仲裁,aa,全 Boss / 未拆分,all_bosses,4.3.1,20,Archer / 赛飞儿 / 花火 / 丹恒•腾荒,0.56,5.64,prydwen_page,10,aa|all_bosses|4.3.1|archer>cipher>dan-heng-permansor-terrae>sparkle
虚构叙事,pf,全部,all,4.3.1,20,银狼LV.999 / 火花 / 爻光 / 砂金,0.56,34464,prydwen_page,3,pf|all|4.3.1|aventurine>silver-wolf-lv-999>sparxie>yao-guang
异相仲裁,aa,全 Boss / 未拆分,all_bosses,4.3.1,21,白厄 / 刻律德菈 / 昔涟 / 丹恒•腾荒,0.94,6,prydwen_page,15,aa|all_bosses|4.3.1|cerydra>cyrene>dan-heng-permansor-terrae>phainon
末日幻影,as,全部,all,4.3.1,21,流萤 / 开拓者 - 同谐 / 阮•梅 / 大丽花,0.78,3650,prydwen_page,5,as|all|4.3.1|firefly>ruan-mei>the-dahlia>trailblazer-harmony
虚构叙事,pf,全部,all,4.3.1,21,黄泉 / 不死途 / 千冶•刃 / 缇宝,0.74,39800,prydwen_page,3,pf|all|4.3.1|acheron>ashveil>blade-mortenax>tribbie
虚构叙事,pf,全部,all,4.3.1,21,黄泉 / 千冶•刃 / 缇宝 / 瓦尔特,0.74,31497,prydwen_page,3,pf|all|4.3.1|acheron>blade-mortenax>tribbie>welt
混沌回忆,moc,全部,all,4.2.1,21,海瑟音 / 黑天鹅 / 卡芙卡 / 风堇,0.63,8,prydwen_page,6,moc|all|4.2.1|black-swan>hyacine>hysilens>kafka
混沌回忆,moc,全部,all,4.2.1,21,银狼LV.999 / 火花 / 花火 / 丹恒•腾荒,0.63,8.75,prydwen_page,5,moc|all|4.2.1|dan-heng-permansor-terrae>silver-wolf-lv-999>sparkle>sparxie
异相仲裁,aa,全 Boss / 未拆分,all_bosses,4.3.1,21,遐蝶 / 千冶•刃 / 缇宝 / 风堇,0.5,3.03,prydwen_page,13,aa|all_bosses|4.3.1|blade-mortenax>castorice>hyacine>tribbie
末日幻影,as,全部,all,4.3.1,22,Archer / 阮•梅 / 花火 / 丹恒•腾荒,0.74,3376,prydwen_page,5,as|all|4.3.1|archer>dan-heng-permansor-terrae>ruan-mei>sparkle
混沌回忆,moc,全部,all,4.2.1,22,白厄 / 花火 / 星期日 / 丹恒•腾荒,0.58,8.8,prydwen_page,5,moc|all|4.2.1|dan-heng-permansor-terrae>phainon>sparkle>sunday
异相仲裁,aa,全 Boss / 未拆分,all_bosses,4.3.1,22,海瑟音 / 黑天鹅 / 卡芙卡 / 千冶•刃,0.56,1.91,prydwen_page,6,aa|all_bosses|4.3.1|black-swan>blade-mortenax>hysilens>kafka
混沌回忆,moc,全部,all,4.2.1,22,银狼LV.999 / 火花 / 花火 / 藿藿,0.54,9,prydwen_page,5,moc|all|4.2.1|huohuo>silver-wolf-lv-999>sparkle>sparxie
虚构叙事,pf,全部,all,4.3.1,22,长夜月 / 开拓者•记忆 / 缇宝 / 风堇,0.54,38318,prydwen_page,3,pf|all|4.3.1|hyacine>march-7th-evernight>trailblazer-remembrance>tribbie
异相仲裁,aa,全 Boss / 未拆分,all_bosses,4.3.1,22,银狼LV.999 / 火花 / 开拓者•欢愉 / 丹恒•腾荒,0.49,4.76,prydwen_page,11,aa|all_bosses|4.3.1|dan-heng-permansor-terrae>silver-wolf-lv-999>sparxie>trailblazer-elation
异相仲裁,aa,全 Boss / 未拆分,all_bosses,4.3.1,22,遐蝶 / 长夜月 / 昔涟 / 罗刹,0.49,5.1,prydwen_page,8,aa|all_bosses|4.3.1|castorice>cyrene>luocha>march-7th-evernight
末日幻影,as,全部,all,4.3.1,22,遐蝶 / 长夜月 / 阮•梅 / 风堇,0.46,3357,prydwen_page,4,as|all|4.3.1|castorice>hyacine>march-7th-evernight>ruan-mei
虚构叙事,pf,全部,all,4.3.1,22,绯英 / 花火 / 爻光 / 藿藿,0.45,34935,prydwen_page,3,pf|all|4.3.1|evanescia>huohuo>sparkle>yao-guang
虚构叙事,pf,全部,all,4.3.1,22,银狼LV.999 / 开拓者•欢愉 / 爻光 / 砂金,0.45,31473,prydwen_page,3,pf|all|4.3.1|aventurine>silver-wolf-lv-999>trailblazer-elation>yao-guang
虚构叙事,pf,全部,all,4.3.1,22,银狼LV.999 / 开拓者•欢愉 / 爻光 / 符玄,0.45,33305,prydwen_page,3,pf|all|4.3.1|fu-xuan>silver-wolf-lv-999>trailblazer-elation>yao-guang
末日幻影,as,全部,all,4.3.1,23,Archer / 知更鸟 / 花火 / 丹恒•腾荒,0.7,3246,prydwen_page,5,as|all|4.3.1|archer>dan-heng-permansor-terrae>robin>sparkle
虚构叙事,pf,全部,all,4.3.1,23,流萤 / 开拓者 - 同谐 / 大丽花 / 加拉赫,0.65,27494,prydwen_page,3,pf|all|4.3.1|firefly>gallagher>the-dahlia>trailblazer-harmony
混沌回忆,moc,全部,all,4.2.1,23,长夜月 / 昔涟 / 开拓者•记忆 / 风堇,0.57,8.6,prydwen_page,6,moc|all|4.2.1|cyrene>hyacine>march-7th-evernight>trailblazer-remembrance
混沌回忆,moc,全部,all,4.2.1,23,白厄 / 刻律德菈 / 昔涟 / 开拓者•记忆,0.57,7,prydwen_page,6,moc|all|4.2.1|cerydra>cyrene>phainon>trailblazer-remembrance
异相仲裁,aa,全 Boss / 未拆分,all_bosses,4.3.1,23,流萤 / 阮•梅 / 大丽花 / 灵砂,0.55,4.69,prydwen_page,11,aa|all_bosses|4.3.1|firefly>lingsha>ruan-mei>the-dahlia
异相仲裁,aa,全 Boss / 未拆分,all_bosses,4.3.1,23,银狼LV.999 / 开拓者•欢愉 / 爻光 / 符玄,0.48,3.31,prydwen_page,10,aa|all_bosses|4.3.1|fu-xuan>silver-wolf-lv-999>trailblazer-elation>yao-guang
异相仲裁,aa,全 Boss / 未拆分,all_bosses,4.3.1,23,Archer / 银狼 / 花火 / 丹恒•腾荒,0.46,5.64,prydwen_page,11,aa|all_bosses|4.3.1|archer>dan-heng-permansor-terrae>silver-wolf>sparkle
末日幻影,as,全部,all,4.3.1,23,那刻夏 / 刻律德菈 / 昔涟 / 开拓者•记忆,0.45,3663,prydwen_page,4,as|all|4.3.1|anaxa>cerydra>cyrene>trailblazer-remembrance
异相仲裁,aa,全 Boss / 未拆分,all_bosses,4.3.1,24,白厄 / 刻律德菈 / 昔涟 / 开拓者•记忆,0.8,5.33,prydwen_page,15,aa|all_bosses|4.3.1|cerydra>cyrene>phainon>trailblazer-remembrance
末日幻影,as,全部,all,4.3.1,24,白厄 / 花火 / 星期日 / 丹恒•腾荒,0.68,3344,prydwen_page,4,as|all|4.3.1|dan-heng-permansor-terrae>phainon>sparkle>sunday
混沌回忆,moc,全部,all,4.2.1,24,银狼LV.999 / 开拓者•欢愉 / 花火 / 藿藿,0.51,9.14,prydwen_page,5,moc|all|4.2.1|huohuo>silver-wolf-lv-999>sparkle>trailblazer-elation
末日幻影,as,全部,all,4.3.1,24,流萤 / 阮•梅 / 大丽花 / 加拉赫,0.46,3183,prydwen_page,5,as|all|4.3.1|firefly>gallagher>ruan-mei>the-dahlia
异相仲裁,aa,全 Boss / 未拆分,all_bosses,4.3.1,24,Archer / 刻律德菈 / 花火 / 丹恒•腾荒,0.45,5.47,prydwen_page,10,aa|all_bosses|4.3.1|archer>cerydra>dan-heng-permansor-terrae>sparkle
末日幻影,as,全部,all,4.3.1,24,海瑟音 / 黑天鹅 / 卡芙卡 / 阮•梅,0.42,0,prydwen_page,4,as|all|4.3.1|black-swan>hysilens>kafka>ruan-mei
虚构叙事,pf,全部,all,4.3.1,24,那刻夏 / 刻律德菈 / 星期日 / 丹恒•腾荒,0.42,28014,prydwen_page,3,pf|all|4.3.1|anaxa>cerydra>dan-heng-permansor-terrae>sunday
异相仲裁,aa,全 Boss / 未拆分,all_bosses,4.3.1,25,白厄 / 刻律德菈 / 昔涟 / 缇宝,0.66,99.99,prydwen_page,12,aa|all_bosses|4.3.1|cerydra>cyrene>phainon>tribbie
末日幻影,as,全部,all,4.3.1,25,黄泉 / 千冶•刃 / 缇宝 / 藿藿,0.65,3213,prydwen_page,5,as|all|4.3.1|acheron>blade-mortenax>huohuo>tribbie
混沌回忆,moc,全部,all,4.2.1,25,那刻夏 / 刻律德菈 / 昔涟 / 丹恒•腾荒,0.56,7.94,prydwen_page,6,moc|all|4.2.1|anaxa>cerydra>cyrene>dan-heng-permansor-terrae
异相仲裁,aa,全 Boss / 未拆分,all_bosses,4.3.1,25,不死途 / 千冶•刃 / 缇宝 / 灵砂,0.54,2.42,prydwen_page,14,aa|all_bosses|4.3.1|ashveil>blade-mortenax>lingsha>tribbie
虚构叙事,pf,全部,all,4.3.1,25,Archer / 花火 / 缇宝 / 丹恒•腾荒,0.53,24535,prydwen_page,4,pf|all|4.3.1|archer>dan-heng-permansor-terrae>sparkle>tribbie
末日幻影,as,全部,all,4.3.1,25,银狼LV.999 / 火花 / 开拓者•欢愉 / 丹恒•腾荒,0.45,3460,prydwen_page,4,as|all|4.3.1|dan-heng-permansor-terrae>silver-wolf-lv-999>sparxie>trailblazer-elation
混沌回忆,moc,全部,all,4.2.1,25,绯英 / 开拓者•欢愉 / 爻光 / 丹恒•腾荒,0.45,8.38,prydwen_page,6,moc|all|4.2.1|dan-heng-permansor-terrae>evanescia>trailblazer-elation>yao-guang
虚构叙事,pf,全部,all,4.3.1,25,白厄 / 刻律德菈 / 昔涟 / 开拓者•记忆,0.44,27672,prydwen_page,4,pf|all|4.3.1|cerydra>cyrene>phainon>trailblazer-remembrance
末日幻影,as,全部,all,4.3.1,25,那刻夏 / 刻律德菈 / 星期日 / 丹恒•腾荒,0.41,3336,prydwen_page,6,as|all|4.3.1|anaxa>cerydra>dan-heng-permansor-terrae>sunday
末日幻影,as,全部,all,4.3.1,25,海瑟音 / 黑天鹅 / 卡芙卡 / 知更鸟,0.41,3643,prydwen_page,4,as|all|4.3.1|black-swan>hysilens>kafka>robin
虚构叙事,pf,全部,all,4.3.1,25,大黑塔 / 黑塔 / 千冶•刃 / 缇宝,0.4,36429,prydwen_page,3,pf|all|4.3.1|blade-mortenax>herta>the-herta>tribbie
末日幻影,as,全部,all,4.3.1,26,Archer / 花火 / 缇宝 / 藿藿,0.64,3431,prydwen_page,5,as|all|4.3.1|archer>huohuo>sparkle>tribbie
异相仲裁,aa,全 Boss / 未拆分,all_bosses,4.3.1,26,黄泉 / 千冶•刃 / 缇宝 / 藿藿,0.53,4.1,prydwen_page,14,aa|all_bosses|4.3.1|acheron>blade-mortenax>huohuo>tribbie
混沌回忆,moc,全部,all,4.2.1,26,流萤 / 开拓者 - 同谐 / 大丽花 / 加拉赫,0.49,8.62,prydwen_page,6,moc|all|4.2.1|firefly>gallagher>the-dahlia>trailblazer-harmony
混沌回忆,moc,全部,all,4.2.1,26,银狼LV.999 / 开拓者•欢愉 / 缇宝 / 藿藿,0.43,8.67,prydwen_page,5,moc|all|4.2.1|huohuo>silver-wolf-lv-999>trailblazer-elation>tribbie
异相仲裁,aa,全 Boss / 未拆分,all_bosses,4.3.1,26,银狼LV.999 / 火花 / 花火 / 丹恒•腾荒,0.41,4.77,prydwen_page,10,aa|all_bosses|4.3.1|dan-heng-permansor-terrae>silver-wolf-lv-999>sparkle>sparxie
虚构叙事,pf,全部,all,4.3.1,26,绯英 / 开拓者•欢愉 / 花火 / 藿藿,0.41,30246,prydwen_page,4,pf|all|4.3.1|evanescia>huohuo>sparkle>trailblazer-elation
异相仲裁,aa,全 Boss / 未拆分,all_bosses,4.3.1,26,遐蝶 / 长夜月 / 千冶•刃 / 风堇,0.4,2.63,prydwen_page,13,aa|all_bosses|4.3.1|blade-mortenax>castorice>hyacine>march-7th-evernight
虚构叙事,pf,全部,all,4.3.1,26,大黑塔 / 翡翠 / 缇宝 / 风堇,0.37,30142,prydwen_page,3,pf|all|4.3.1|hyacine>jade>the-herta>tribbie
末日幻影,as,全部,all,4.3.1,27,不死途 / 千冶•刃 / 缇宝 / 丹恒•腾荒,0.62,3565,prydwen_page,5,as|all|4.3.1|ashveil>blade-mortenax>dan-heng-permansor-terrae>tribbie
异相仲裁,aa,全 Boss / 未拆分,all_bosses,4.3.1,27,黄泉 / 不死途 / 千冶•刃 / 风堇,0.58,5.33,prydwen_page,12,aa|all_bosses|4.3.1|acheron>ashveil>blade-mortenax>hyacine
异相仲裁,aa,全 Boss / 未拆分,all_bosses,4.3.1,27,黄泉 / 千冶•刃 / 缇宝 / 灵砂,0.51,3.62,prydwen_page,12,aa|all_bosses|4.3.1|acheron>blade-mortenax>lingsha>tribbie
虚构叙事,pf,全部,all,4.3.1,27,海瑟音 / 黑天鹅 / 卡芙卡 / 千冶•刃,0.47,35804,prydwen_page,3,pf|all|4.3.1|black-swan>blade-mortenax>hysilens>kafka
虚构叙事,pf,全部,all,4.3.1,27,不死途 / 千冶•刃 / 缇宝 / 加拉赫,0.47,33502,prydwen_page,3,pf|all|4.3.1|ashveil>blade-mortenax>gallagher>tribbie
虚构叙事,pf,全部,all,4.3.1,27,姬子 / 忘归人 / 阮•梅 / 大丽花,0.47,28200,prydwen_page,3,pf|all|4.3.1|himeko>ruan-mei>the-dahlia>tingyun-fugue
末日幻影,as,全部,all,4.3.1,27,绯英 / 开拓者•欢愉 / 爻光 / 砂金,0.43,3610,prydwen_page,4,as|all|4.3.1|aventurine>evanescia>trailblazer-elation>yao-guang
混沌回忆,moc,全部,all,4.2.1,27,银狼LV.999 / 火花 / 爻光 / 砂金,0.42,7.89,prydwen_page,5,moc|all|4.2.1|aventurine>silver-wolf-lv-999>sparxie>yao-guang
虚构叙事,pf,全部,all,4.3.1,27,银狼LV.999 / 火花 / 缇宝 / 爻光,0.38,39823,prydwen_page,3,pf|all|4.3.1|silver-wolf-lv-999>sparxie>tribbie>yao-guang
末日幻影,as,全部,all,4.3.1,28,不死途 / 千冶•刃 / 缇宝 / 灵砂,0.6,3655,prydwen_page,5,as|all|4.3.1|ashveil>blade-mortenax>lingsha>tribbie
异相仲裁,aa,全 Boss / 未拆分,all_bosses,4.3.1,28,黄泉 / 千冶•刃 / 缇宝 / 加拉赫,0.5,4.8,prydwen_page,12,aa|all_bosses|4.3.1|acheron>blade-mortenax>gallagher>tribbie
末日幻影,as,全部,all,4.3.1,28,绯英 / 火花 / 爻光 / 藿藿,0.41,3673,prydwen_page,5,as|all|4.3.1|evanescia>huohuo>sparxie>yao-guang
异相仲裁,aa,全 Boss / 未拆分,all_bosses,4.3.1,28,希儿 / 花火 / 星期日 / 丹恒•腾荒,0.38,4.25,prydwen_page,10,aa|all_bosses|4.3.1|dan-heng-permansor-terrae>seele>sparkle>sunday
末日幻影,as,全部,all,4.3.1,28,希儿 / 开拓者•记忆 / 知更鸟 / 花火,0.38,0,prydwen_page,4,as|all|4.3.1|robin>seele>sparkle>trailblazer-remembrance
虚构叙事,pf,全部,all,4.3.1,28,银狼LV.999 / 绯英 / 火花 / 爻光,0.36,36710,prydwen_page,3,pf|all|4.3.1|evanescia>silver-wolf-lv-999>sparxie>yao-guang
末日幻影,as,全部,all,4.3.1,29,黄泉 / 千冶•刃 / 缇宝 / 加拉赫,0.56,3236,prydwen_page,5,as|all|4.3.1|acheron>blade-mortenax>gallagher>tribbie
异相仲裁,aa,全 Boss / 未拆分,all_bosses,4.3.1,29,海瑟音 / 黑天鹅 / 卡芙卡 / 砂金,0.49,4,prydwen_page,14,aa|all_bosses|4.3.1|aventurine>black-swan>hysilens>kafka
异相仲裁,aa,全 Boss / 未拆分,all_bosses,4.3.1,29,白厄 / 刻律德菈 / 昔涟 / 花火,0.49,99.99,prydwen_page,15,aa|all_bosses|4.3.1|cerydra>cyrene>phainon>sparkle
异相仲裁,aa,全 Boss / 未拆分,all_bosses,4.3.1,29,银狼LV.999 / 缇宝 / 爻光 / 藿藿,0.49,4.5,prydwen_page,12,aa|all_bosses|4.3.1|huohuo>silver-wolf-lv-999>tribbie>yao-guang
混沌回忆,moc,全部,all,4.2.1,29,绯英 / 开拓者•欢愉 / 缇宝 / 藿藿,0.43,8.25,prydwen_page,6,moc|all|4.2.1|evanescia>huohuo>trailblazer-elation>tribbie
末日幻影,as,全部,all,4.3.1,29,黄泉 / 千冶•刃 / 缇宝 / 丹恒•腾荒,0.4,3297,prydwen_page,5,as|all|4.3.1|acheron>blade-mortenax>dan-heng-permansor-terrae>tribbie
异相仲裁,aa,全 Boss / 未拆分,all_bosses,4.3.1,29,长夜月 / 开拓者•记忆 / 缇宝 / 风堇,0.36,4.17,prydwen_page,13,aa|all_bosses|4.3.1|hyacine>march-7th-evernight>trailblazer-remembrance>tribbie
虚构叙事,pf,全部,all,4.3.1,29,银狼LV.999 / 火花 / 爻光 / 风堇,0.35,35997,prydwen_page,3,pf|all|4.3.1|hyacine>silver-wolf-lv-999>sparxie>yao-guang
末日幻影,as,全部,all,4.3.1,29,海瑟音 / 黑天鹅 / 卡芙卡 / 加拉赫,0.33,3352,prydwen_page,5,as|all|4.3.1|black-swan>gallagher>hysilens>kafka
末日幻影,as,全部,all,4.3.1,29,海瑟音 / 黑天鹅 / 卡芙卡 / 缇宝,0.33,3717,prydwen_page,4,as|all|4.3.1|black-swan>hysilens>kafka>tribbie
虚构叙事,pf,全部,all,4.3.1,29,大黑塔 / 黑塔 / 开拓者•记忆 / 缇宝,0.33,32197,prydwen_page,3,pf|all|4.3.1|herta>the-herta>trailblazer-remembrance>tribbie
异相仲裁,aa,全 Boss / 未拆分,all_bosses,4.3.1,30,白厄 / 花火 / 星期日 / 丹恒•腾荒,0.48,4.65,prydwen_page,14,aa|all_bosses|4.3.1|dan-heng-permansor-terrae>phainon>sparkle>sunday
虚构叙事,pf,全部,all,4.3.1,30,海瑟音 / 黑天鹅 / 卡芙卡 / 阮•梅,0.46,36576,prydwen_page,4,pf|all|4.3.1|black-swan>hysilens>kafka>ruan-mei
虚构叙事,pf,全部,all,4.3.1,30,不死途 / 千冶•刃 / 缇宝 / 罗刹,0.46,34901,prydwen_page,3,pf|all|4.3.1|ashveil>blade-mortenax>luocha>tribbie
末日幻影,as,全部,all,4.3.1,30,银狼LV.999 / 绯英 / 爻光 / 丹恒•腾荒,0.39,3558,prydwen_page,4,as|all|4.3.1|dan-heng-permansor-terrae>evanescia>silver-wolf-lv-999>yao-guang
混沌回忆,moc,全部,all,4.2.1,30,大黑塔 / 那刻夏 / 缇宝 / 丹恒•腾荒,0.39,99.99,prydwen_page,6,moc|all|4.2.1|anaxa>dan-heng-permansor-terrae>the-herta>tribbie
异相仲裁,aa,全 Boss / 未拆分,all_bosses,4.3.1,30,绯英 / 火花 / 爻光 / 藿藿,0.34,2.7,prydwen_page,13,aa|all_bosses|4.3.1|evanescia>huohuo>sparxie>yao-guang
异相仲裁,aa,全 Boss / 未拆分,all_bosses,4.3.1,30,银狼LV.999 / 开拓者•欢愉 / 花火 / 藿藿,0.34,5.09,prydwen_page,12,aa|all_bosses|4.3.1|huohuo>silver-wolf-lv-999>sparkle>trailblazer-elation
虚构叙事,pf,全部,all,4.3.1,30,银狼LV.999 / 绯英 / 爻光 / 丹恒•腾荒,0.33,33546,prydwen_page,3,pf|all|4.3.1|dan-heng-permansor-terrae>evanescia>silver-wolf-lv-999>yao-guang
异相仲裁,aa,全 Boss / 未拆分,all_bosses,4.3.1,31,绯英 / 开拓者•欢愉 / 爻光 / 风堇,0.48,5.7,prydwen_page,11,aa|all_bosses|4.3.1|evanescia>hyacine>trailblazer-elation>yao-guang
异相仲裁,aa,全 Boss / 未拆分,all_bosses,4.3.1,31,黄泉 / 赛飞儿 / 千冶•刃 / 丹恒•腾荒,0.45,3.28,prydwen_page,12,aa|all_bosses|4.3.1|acheron>blade-mortenax>cipher>dan-heng-permansor-terrae
混沌回忆,moc,全部,all,4.2.1,31,银狼LV.999 / 开拓者•欢愉 / 爻光 / 砂金,0.38,7.86,prydwen_page,5,moc|all|4.2.1|aventurine>silver-wolf-lv-999>trailblazer-elation>yao-guang
混沌回忆,moc,全部,all,4.2.1,31,海瑟音 / 卡芙卡 / 昔涟 / 丹恒•腾荒,0.37,8.64,prydwen_page,5,moc|all|4.2.1|cyrene>dan-heng-permansor-terrae>hysilens>kafka
异相仲裁,aa,全 Boss / 未拆分,all_bosses,4.3.1,31,Archer / 花火 / 星期日 / 丹恒•腾荒,0.35,5.44,prydwen_page,8,aa|all_bosses|4.3.1|archer>dan-heng-permansor-terrae>sparkle>sunday
末日幻影,as,全部,all,4.3.1,31,希儿 / 刻律德菈 / 花火 / 丹恒•腾荒,0.32,3434,prydwen_page,4,as|all|4.3.1|cerydra>dan-heng-permansor-terrae>seele>sparkle
虚构叙事,pf,全部,all,4.3.1,31,遐蝶 / 长夜月 / 昔涟 / 罗刹,0.32,33696,prydwen_page,3,pf|all|4.3.1|castorice>cyrene>luocha>march-7th-evernight
虚构叙事,pf,全部,all,4.3.1,31,绯英 / 缇宝 / 爻光 / 藿藿,0.3,33800,prydwen_page,3,pf|all|4.3.1|evanescia>huohuo>tribbie>yao-guang
末日幻影,as,全部,all,4.3.1,32,黄泉 / 千冶•刃 / 缇宝 / 灵砂,0.5,3282,prydwen_page,5,as|all|4.3.1|acheron>blade-mortenax>lingsha>tribbie
末日幻影,as,全部,all,4.3.1,32,火花 / 花火 / 爻光 / 藿藿,0.5,3620,prydwen_page,4,as|all|4.3.1|huohuo>sparkle>sparxie>yao-guang
混沌回忆,moc,全部,all,4.2.1,32,流萤 / 阮•梅 / 大丽花 / 加拉赫,0.34,9,prydwen_page,6,moc|all|4.2.1|firefly>gallagher>ruan-mei>the-dahlia
混沌回忆,moc,全部,all,4.2.1,32,流萤 / 阮•梅 / 大丽花 / 灵砂,0.34,8.25,prydwen_page,6,moc|all|4.2.1|firefly>lingsha>ruan-mei>the-dahlia
混沌回忆,moc,全部,all,4.2.1,32,Archer / 银狼 / 花火 / 丹恒•腾荒,0.34,9,prydwen_page,5,moc|all|4.2.1|archer>dan-heng-permansor-terrae>silver-wolf>sparkle
混沌回忆,moc,全部,all,4.2.1,32,遐蝶 / 昔涟 / 开拓者•记忆 / 风堇,0.34,8,prydwen_page,6,moc|all|4.2.1|castorice>cyrene>hyacine>trailblazer-remembrance
异相仲裁,aa,全 Boss / 未拆分,all_bosses,4.3.1,32,万敌 / 昔涟 / 缇宝 / 风堇,0.33,4,prydwen_page,12,aa|all_bosses|4.3.1|cyrene>hyacine>mydei>tribbie
末日幻影,as,全部,all,4.3.1,32,绯英 / 开拓者•欢愉 / 花火 / 藿藿,0.33,3419,prydwen_page,4,as|all|4.3.1|evanescia>huohuo>sparkle>trailblazer-elation
异相仲裁,aa,全 Boss / 未拆分,all_bosses,4.3.1,32,火花 / 花火 / 爻光 / 藿藿,0.32,3.75,prydwen_page,12,aa|all_bosses|4.3.1|huohuo>sparkle>sparxie>yao-guang
异相仲裁,aa,全 Boss / 未拆分,all_bosses,4.3.1,32,银狼LV.999 / 火花 / 爻光 / 加拉赫,0.32,2.65,prydwen_page,10,aa|all_bosses|4.3.1|gallagher>silver-wolf-lv-999>sparxie>yao-guang
末日幻影,as,全部,all,4.3.1,32,遐蝶 / 长夜月 / 千冶•刃 / 风堇,0.31,3405,prydwen_page,4,as|all|4.3.1|blade-mortenax>castorice>hyacine>march-7th-evernight
末日幻影,as,全部,all,4.3.1,32,遐蝶 / 长夜月 / 昔涟 / 罗刹,0.31,3207,prydwen_page,3,as|all|4.3.1|castorice>cyrene>luocha>march-7th-evernight
末日幻影,as,全部,all,4.3.1,32,希儿 / 刻律德菈 / 知更鸟 / 花火,0.31,3869,prydwen_page,3,as|all|4.3.1|cerydra>robin>seele>sparkle
虚构叙事,pf,全部,all,4.3.1,32,遐蝶 / 长夜月 / 千冶•刃 / 风堇,0.3,40000,prydwen_page,4,pf|all|4.3.1|blade-mortenax>castorice>hyacine>march-7th-evernight
虚构叙事,pf,全部,all,4.3.1,32,乱破 / 忘归人 / 开拓者 - 同谐 / 大丽花,0.28,30040,prydwen_page,2,pf|all|4.3.1|rappa>the-dahlia>tingyun-fugue>trailblazer-harmony
虚构叙事,pf,全部,all,4.3.1,32,银狼LV.999 / 开拓者•欢愉 / 花火 / 爻光,0.28,38816,prydwen_page,2,pf|all|4.3.1|silver-wolf-lv-999>sparkle>trailblazer-elation>yao-guang
异相仲裁,aa,全 Boss / 未拆分,all_bosses,4.3.1,33,黄泉 / 千冶•刃 / 花火 / 丹恒•腾荒,0.43,4.25,prydwen_page,12,aa|all_bosses|4.3.1|acheron>blade-mortenax>dan-heng-permansor-terrae>sparkle
异相仲裁,aa,全 Boss / 未拆分,all_bosses,4.3.1,33,黄泉 / 千冶•刃 / 花火 / 缇宝,0.43,3,prydwen_page,8,aa|all_bosses|4.3.1|acheron>blade-mortenax>sparkle>tribbie
异相仲裁,aa,全 Boss / 未拆分,all_bosses,4.3.1,33,黄泉 / 赛飞儿 / 千冶•刃 / 缇宝,0.43,1.8,prydwen_page,6,aa|all_bosses|4.3.1|acheron>blade-mortenax>cipher>tribbie
虚构叙事,pf,全部,all,4.3.1,33,流萤 / 阮•梅 / 大丽花 / 灵砂,0.42,25808,prydwen_page,3,pf|all|4.3.1|firefly>lingsha>ruan-mei>the-dahlia
异相仲裁,aa,全 Boss / 未拆分,all_bosses,4.3.1,33,Archer / 花火 / 缇宝 / 藿藿,0.3,6,prydwen_page,8,aa|all_bosses|4.3.1|archer>huohuo>sparkle>tribbie
虚构叙事,pf,全部,all,4.3.1,33,希儿 / 花火 / 星期日 / 丹恒•腾荒,0.28,33888,prydwen_page,5,pf|all|4.3.1|dan-heng-permansor-terrae>seele>sparkle>sunday
末日幻影,as,全部,all,4.3.1,34,白厄 / 刻律德菈 / 阮•梅 / 星期日,0.49,3467,prydwen_page,6,as|all|4.3.1|cerydra>phainon>ruan-mei>sunday
末日幻影,as,全部,all,4.3.1,34,流萤 / 阮•梅 / 大丽花 / 灵砂,0.49,3419,prydwen_page,5,as|all|4.3.1|firefly>lingsha>ruan-mei>the-dahlia
虚构叙事,pf,全部,all,4.3.1,34,海瑟音 / 黑天鹅 / 卡芙卡 / 砂金,0.4,31887,prydwen_page,5,pf|all|4.3.1|aventurine>black-swan>hysilens>kafka
虚构叙事,pf,全部,all,4.3.1,34,流萤 / 阮•梅 / 大丽花 / 加拉赫,0.4,24528,prydwen_page,3,pf|all|4.3.1|firefly>gallagher>ruan-mei>the-dahlia
混沌回忆,moc,全部,all,4.2.1,34,不死途 / 千冶•刃 / 缇宝 / 藿藿,0.36,9.5,prydwen_page,5,moc|all|4.2.1|ashveil>blade-mortenax>huohuo>tribbie
末日幻影,as,全部,all,4.3.1,34,银狼LV.999 / 火花 / 花火 / 丹恒•腾荒,0.29,3388,prydwen_page,5,as|all|4.3.1|dan-heng-permansor-terrae>silver-wolf-lv-999>sparkle>sparxie
异相仲裁,aa,全 Boss / 未拆分,all_bosses,4.3.1,34,遐蝶 / 阮•梅 / 缇宝 / 风堇,0.28,5.67,prydwen_page,10,aa|all_bosses|4.3.1|castorice>hyacine>ruan-mei>tribbie
虚构叙事,pf,全部,all,4.3.1,34,长夜月 / 昔涟 / 开拓者•记忆 / 丹恒•腾荒,0.27,36533,prydwen_page,2,pf|all|4.3.1|cyrene>dan-heng-permansor-terrae>march-7th-evernight>trailblazer-remembrance
混沌回忆,moc,全部,all,4.2.1,35,银狼LV.999 / 绯英 / 爻光 / 藿藿,0.35,7,prydwen_page,5,moc|all|4.2.1|evanescia>huohuo>silver-wolf-lv-999>yao-guang
异相仲裁,aa,全 Boss / 未拆分,all_bosses,4.3.1,35,银狼LV.999 / 火花 / 花火 / 藿藿,0.31,4.38,prydwen_page,10,aa|all_bosses|4.3.1|huohuo>silver-wolf-lv-999>sparkle>sparxie
异相仲裁,aa,全 Boss / 未拆分,all_bosses,4.3.1,35,绯英 / 缇宝 / 爻光 / 藿藿,0.3,6,prydwen_page,12,aa|all_bosses|4.3.1|evanescia>huohuo>tribbie>yao-guang
末日幻影,as,全部,all,4.3.1,35,海瑟音 / 卡芙卡 / 阮•梅 / 丹恒•腾荒,0.3,3213,prydwen_page,4,as|all|4.3.1|dan-heng-permansor-terrae>hysilens>kafka>ruan-mei
异相仲裁,aa,全 Boss / 未拆分,all_bosses,4.3.1,35,Archer / 阮•梅 / 花火 / 丹恒•腾荒,0.26,6,prydwen_page,7,aa|all_bosses|4.3.1|archer>dan-heng-permansor-terrae>ruan-mei>sparkle
虚构叙事,pf,全部,all,4.3.1,35,白厄 / 刻律德菈 / 昔涟 / 花火,0.26,33760,prydwen_page,4,pf|all|4.3.1|cerydra>cyrene>phainon>sparkle
虚构叙事,pf,全部,all,4.3.1,35,希儿 / 刻律德菈 / 花火 / 丹恒•腾荒,0.26,31400,prydwen_page,3,pf|all|4.3.1|cerydra>dan-heng-permansor-terrae>seele>sparkle
虚构叙事,pf,全部,all,4.3.1,35,大黑塔 / 那刻夏 / 缇宝 / 藿藿,0.26,29480,prydwen_page,2,pf|all|4.3.1|anaxa>huohuo>the-herta>tribbie
虚构叙事,pf,全部,all,4.3.1,35,大黑塔 / 黑塔 / 缇宝 / 砂金,0.26,25345,prydwen_page,2,pf|all|4.3.1|aventurine>herta>the-herta>tribbie
末日幻影,as,全部,all,4.3.1,36,波提欧 / 忘归人 / 阮•梅 / 大丽花,0.45,3666,prydwen_page,4,as|all|4.3.1|boothill>ruan-mei>the-dahlia>tingyun-fugue
虚构叙事,pf,全部,all,4.3.1,36,海瑟音 / 黑天鹅 / 卡芙卡 / 知更鸟,0.39,33328,prydwen_page,4,pf|all|4.3.1|black-swan>hysilens>kafka>robin
虚构叙事,pf,全部,all,4.3.1,36,海瑟音 / 黑天鹅 / 卡芙卡 / 加拉赫,0.39,31554,prydwen_page,4,pf|all|4.3.1|black-swan>gallagher>hysilens>kafka
混沌回忆,moc,全部,all,4.2.1,36,遐蝶 / 开拓者•记忆 / 缇宝 / 风堇,0.31,9.67,prydwen_page,6,moc|all|4.2.1|castorice>hyacine>trailblazer-remembrance>tribbie
异相仲裁,aa,全 Boss / 未拆分,all_bosses,4.3.1,36,银狼LV.999 / 开拓者•欢愉 / 爻光 / 罗刹,0.3,4.06,prydwen_page,7,aa|all_bosses|4.3.1|luocha>silver-wolf-lv-999>trailblazer-elation>yao-guang
末日幻影,as,全部,all,4.3.1,36,银狼LV.999 / 火花 / 爻光 / 风堇,0.27,3651,prydwen_page,5,as|all|4.3.1|hyacine>silver-wolf-lv-999>sparxie>yao-guang
末日幻影,as,全部,all,4.3.1,36,银狼LV.999 / 开拓者•欢愉 / 爻光 / 符玄,0.27,3531,prydwen_page,4,as|all|4.3.1|fu-xuan>silver-wolf-lv-999>trailblazer-elation>yao-guang
末日幻影,as,全部,all,4.3.1,36,大黑塔 / 那刻夏 / 缇宝 / 风堇,0.27,2806,prydwen_page,3,as|all|4.3.1|anaxa>hyacine>the-herta>tribbie
末日幻影,as,全部,all,4.3.1,36,大黑塔 / 黑塔 / 开拓者•记忆 / 缇宝,0.27,0,prydwen_page,3,as|all|4.3.1|herta>the-herta>trailblazer-remembrance>tribbie
虚构叙事,pf,全部,all,4.3.1,36,白厄 / 花火 / 星期日 / 丹恒•腾荒,0.25,26464,prydwen_page,4,pf|all|4.3.1|dan-heng-permansor-terrae>phainon>sparkle>sunday
虚构叙事,pf,全部,all,4.3.1,36,绯英 / 开拓者•欢愉 / 爻光 / 砂金,0.25,35147,prydwen_page,2,pf|all|4.3.1|aventurine>evanescia>trailblazer-elation>yao-guang
异相仲裁,aa,全 Boss / 未拆分,all_bosses,4.3.1,36,万敌 / 昔涟 / 开拓者•记忆 / 风堇,0.22,4.67,prydwen_page,11,aa|all_bosses|4.3.1|cyrene>hyacine>mydei>trailblazer-remembrance
异相仲裁,aa,全 Boss / 未拆分,all_bosses,4.3.1,36,遐蝶 / 长夜月 / 昔涟 / 藿藿,0.22,4.62,prydwen_page,9,aa|all_bosses|4.3.1|castorice>cyrene>huohuo>march-7th-evernight
异相仲裁,aa,全 Boss / 未拆分,all_bosses,4.3.1,36,大黑塔 / 那刻夏 / 缇宝 / 藿藿,0.22,99.99,prydwen_page,10,aa|all_bosses|4.3.1|anaxa>huohuo>the-herta>tribbie
异相仲裁,aa,全 Boss / 未拆分,all_bosses,4.3.1,37,海瑟音 / 黑天鹅 / 卡芙卡 / 阮•梅,0.42,2.5,prydwen_page,6,aa|all_bosses|4.3.1|black-swan>hysilens>kafka>ruan-mei
混沌回忆,moc,全部,all,4.2.1,37,流萤 / 忘归人 / 大丽花 / 缇宝,0.3,5,prydwen_page,6,moc|all|4.2.1|firefly>the-dahlia>tingyun-fugue>tribbie
异相仲裁,aa,全 Boss / 未拆分,all_bosses,4.3.1,37,流萤 / 忘归人 / 大丽花 / 丹恒•腾荒,0.29,5.75,prydwen_page,12,aa|all_bosses|4.3.1|dan-heng-permansor-terrae>firefly>the-dahlia>tingyun-fugue
异相仲裁,aa,全 Boss / 未拆分,all_bosses,4.3.1,37,银狼LV.999 / 火花 / 花火 / 爻光,0.29,0.14,prydwen_page,10,aa|all_bosses|4.3.1|silver-wolf-lv-999>sparkle>sparxie>yao-guang
异相仲裁,aa,全 Boss / 未拆分,all_bosses,4.3.1,37,银狼LV.999 / 花火 / 爻光 / 藿藿,0.29,3.62,prydwen_page,12,aa|all_bosses|4.3.1|huohuo>silver-wolf-lv-999>sparkle>yao-guang
异相仲裁,aa,全 Boss / 未拆分,all_bosses,4.3.1,37,绯英 / 千冶•刃 / 爻光 / 藿藿,0.29,5,prydwen_page,9,aa|all_bosses|4.3.1|blade-mortenax>evanescia>huohuo>yao-guang
末日幻影,as,全部,all,4.3.1,38,不死途 / 星期日 / 缇宝 / 丹恒•腾荒,0.42,3398,prydwen_page,4,as|all|4.3.1|ashveil>dan-heng-permansor-terrae>sunday>tribbie
异相仲裁,aa,全 Boss / 未拆分,all_bosses,4.3.1,38,海瑟音 / 黑天鹅 / 卡芙卡 / 加拉赫,0.41,4,prydwen_page,13,aa|all_bosses|4.3.1|black-swan>gallagher>hysilens>kafka
混沌回忆,moc,全部,all,4.2.1,38,银狼LV.999 / 艾丝妲 / 开拓者•欢愉 / 藿藿,0.31,9.75,prydwen_page,5,moc|all|4.2.1|asta>huohuo>silver-wolf-lv-999>trailblazer-elation
混沌回忆,moc,全部,all,4.2.1,38,长夜月 / 昔涟 / 缇宝 / 风堇,0.29,8.67,prydwen_page,6,moc|all|4.2.1|cyrene>hyacine>march-7th-evernight>tribbie
混沌回忆,moc,全部,all,4.2.1,38,白厄 / 刻律德菈 / 开拓者•记忆 / 花火,0.29,10,prydwen_page,6,moc|all|4.2.1|cerydra>phainon>sparkle>trailblazer-remembrance
混沌回忆,moc,全部,all,4.2.1,38,海瑟音 / 黑天鹅 / 卡芙卡 / 缇宝,0.29,99.99,prydwen_page,5,moc|all|4.2.1|black-swan>hysilens>kafka>tribbie
混沌回忆,moc,全部,all,4.2.1,38,白厄 / 布洛妮娅 / 星期日 / 丹恒•腾荒,0.29,9,prydwen_page,5,moc|all|4.2.1|bronya>dan-heng-permansor-terrae>phainon>sunday
末日幻影,as,全部,all,4.3.1,38,火花 / 花火 / 爻光 / 丹恒•腾荒,0.26,3504,prydwen_page,5,as|all|4.3.1|dan-heng-permansor-terrae>sparkle>sparxie>yao-guang
末日幻影,as,全部,all,4.3.1,38,海瑟音 / 黑天鹅 / 卡芙卡 / 昔涟,0.25,3710,prydwen_page,3,as|all|4.3.1|black-swan>cyrene>hysilens>kafka
虚构叙事,pf,全部,all,4.3.1,38,绯英 / 开拓者•欢愉 / 缇宝 / 藿藿,0.24,30183,prydwen_page,2,pf|all|4.3.1|evanescia>huohuo>trailblazer-elation>tribbie
末日幻影,as,全部,all,4.3.1,39,不死途 / 千冶•刃 / 缇宝 / 加拉赫,0.4,3593,prydwen_page,5,as|all|4.3.1|ashveil>blade-mortenax>gallagher>tribbie
末日幻影,as,全部,all,4.3.1,39,Archer / 开拓者•记忆 / 花火 / 丹恒•腾荒,0.4,3374,prydwen_page,5,as|all|4.3.1|archer>dan-heng-permansor-terrae>sparkle>trailblazer-remembrance
末日幻影,as,全部,all,4.3.1,39,Archer / 赛飞儿 / 花火 / 丹恒•腾荒,0.4,3388,prydwen_page,5,as|all|4.3.1|archer>cipher>dan-heng-permansor-terrae>sparkle
末日幻影,as,全部,all,4.3.1,39,白厄 / 布洛妮娅 / 星期日 / 丹恒•腾荒,0.4,3147,prydwen_page,4,as|all|4.3.1|bronya>dan-heng-permansor-terrae>phainon>sunday
异相仲裁,aa,全 Boss / 未拆分,all_bosses,4.3.1,39,黄泉 / 不死途 / 千冶•刃 / 缇宝,0.39,1.5,prydwen_page,11,aa|all_bosses|4.3.1|acheron>ashveil>blade-mortenax>tribbie
虚构叙事,pf,全部,all,4.3.1,39,黄泉 / 不死途 / 千冶•刃 / 藿藿,0.35,32897,prydwen_page,3,pf|all|4.3.1|acheron>ashveil>blade-mortenax>huohuo
虚构叙事,pf,全部,all,4.3.1,39,黄泉 / 千冶•刃 / 缇宝 / 罗刹,0.35,29309,prydwen_page,3,pf|all|4.3.1|acheron>blade-mortenax>luocha>tribbie
混沌回忆,moc,全部,all,4.2.1,39,银狼LV.999 / 火花 / 花火 / 爻光,0.29,99.99,prydwen_page,5,moc|all|4.2.1|silver-wolf-lv-999>sparkle>sparxie>yao-guang
混沌回忆,moc,全部,all,4.2.1,39,不死途 / 千冶•刃 / 缇宝 / 丹恒•腾荒,0.29,5.67,prydwen_page,5,moc|all|4.2.1|ashveil>blade-mortenax>dan-heng-permansor-terrae>tribbie
异相仲裁,aa,全 Boss / 未拆分,all_bosses,4.3.1,39,绯英 / 开拓者•欢愉 / 花火 / 藿藿,0.28,5.18,prydwen_page,15,aa|all_bosses|4.3.1|evanescia>huohuo>sparkle>trailblazer-elation
虚构叙事,pf,全部,all,4.3.1,39,大黑塔 / 那刻夏 / 缇宝 / 砂金,0.24,25600,prydwen_page,2,pf|all|4.3.1|anaxa>aventurine>the-herta>tribbie
虚构叙事,pf,全部,all,4.3.1,39,银狼LV.999 / 火花 / 开拓者•欢愉 / 丹恒•腾荒,0.23,29004,prydwen_page,2,pf|all|4.3.1|dan-heng-permansor-terrae>silver-wolf-lv-999>sparxie>trailblazer-elation
末日幻影,as,全部,all,4.3.1,40,长夜月 / 开拓者•记忆 / 缇宝 / 风堇,0.24,3095,prydwen_page,3,as|all|4.3.1|hyacine>march-7th-evernight>trailblazer-remembrance>tribbie
虚构叙事,pf,全部,all,4.3.1,40,Saber / 星期日 / 缇宝 / 丹恒•腾荒,0.22,25253,prydwen_page,2,pf|all|4.3.1|dan-heng-permansor-terrae>saber>sunday>tribbie
混沌回忆,moc,全部,all,4.2.1,41,绯英 / 火花 / 爻光 / 藿藿,0.27,7,prydwen_page,6,moc|all|4.2.1|evanescia>huohuo>sparxie>yao-guang
混沌回忆,moc,全部,all,4.2.1,41,火花 / 花火 / 爻光 / 藿藿,0.27,8.29,prydwen_page,5,moc|all|4.2.1|huohuo>sparkle>sparxie>yao-guang
混沌回忆,moc,全部,all,4.2.1,41,银狼LV.999 / 开拓者•欢愉 / 爻光 / 符玄,0.27,8.5,prydwen_page,5,moc|all|4.2.1|fu-xuan>silver-wolf-lv-999>trailblazer-elation>yao-guang
末日幻影,as,全部,all,4.3.1,41,银狼LV.999 / 火花 / 开拓者•欢愉 / 爻光,0.25,3781,prydwen_page,5,as|all|4.3.1|silver-wolf-lv-999>sparxie>trailblazer-elation>yao-guang
末日幻影,as,全部,all,4.3.1,41,海瑟音 / 黑天鹅 / 卡芙卡 / 罗刹,0.23,3368,prydwen_page,3,as|all|4.3.1|black-swan>hysilens>kafka>luocha
虚构叙事,pf,全部,all,4.3.1,41,白厄 / 布洛妮娅 / 刻律德菈 / 星期日,0.21,24020,prydwen_page,4,pf|all|4.3.1|bronya>cerydra>phainon>sunday
虚构叙事,pf,全部,all,4.3.1,41,白厄 / 刻律德菈 / 知更鸟 / 星期日,0.21,26840,prydwen_page,4,pf|all|4.3.1|cerydra>phainon>robin>sunday
虚构叙事,pf,全部,all,4.3.1,41,银狼LV.999 / 开拓者•欢愉 / 爻光 / 风堇,0.21,32720,prydwen_page,2,pf|all|4.3.1|hyacine>silver-wolf-lv-999>trailblazer-elation>yao-guang
虚构叙事,pf,全部,all,4.3.1,42,黄泉 / 不死途 / 千冶•刃 / 风堇,0.33,35571,prydwen_page,3,pf|all|4.3.1|acheron>ashveil>blade-mortenax>hyacine
虚构叙事,pf,全部,all,4.3.1,42,黄泉 / 赛飞儿 / 千冶•刃 / 丹恒•腾荒,0.33,29584,prydwen_page,3,pf|all|4.3.1|acheron>blade-mortenax>cipher>dan-heng-permansor-terrae
混沌回忆,moc,全部,all,4.2.1,42,流萤 / 忘归人 / 大丽花 / 丹恒•腾荒,0.28,7.12,prydwen_page,6,moc|all|4.2.1|dan-heng-permansor-terrae>firefly>the-dahlia>tingyun-fugue
混沌回忆,moc,全部,all,4.2.1,42,白厄 / 刻律德菈 / 花火 / 丹恒•腾荒,0.28,9.33,prydwen_page,5,moc|all|4.2.1|cerydra>dan-heng-permansor-terrae>phainon>sparkle
末日幻影,as,全部,all,4.3.1,42,乱破 / 忘归人 / 大丽花 / 灵砂,0.24,3241,prydwen_page,3,as|all|4.3.1|lingsha>rappa>the-dahlia>tingyun-fugue
末日幻影,as,全部,all,4.3.1,43,不死途 / 千冶•刃 / 缇宝 / 罗刹,0.38,3510,prydwen_page,5,as|all|4.3.1|ashveil>blade-mortenax>luocha>tribbie
末日幻影,as,全部,all,4.3.1,43,白厄 / 刻律德菈 / 花火 / 丹恒•腾荒,0.38,3331,prydwen_page,4,as|all|4.3.1|cerydra>dan-heng-permansor-terrae>phainon>sparkle
混沌回忆,moc,全部,all,4.2.1,44,银狼LV.999 / 火花 / 缇宝 / 爻光,0.26,99.99,prydwen_page,5,moc|all|4.2.1|silver-wolf-lv-999>sparxie>tribbie>yao-guang
末日幻影,as,全部,all,4.3.1,45,Archer / 花火 / 星期日 / 丹恒•腾荒,0.34,3415,prydwen_page,5,as|all|4.3.1|archer>dan-heng-permansor-terrae>sparkle>sunday
混沌回忆,moc,全部,all,4.2.1,45,海瑟音 / 黑天鹅 / 卡芙卡 / 昔涟,0.27,0,prydwen_page,5,moc|all|4.2.1|black-swan>cyrene>hysilens>kafka
末日幻影,as,全部,all,4.3.1,45,灵砂 / 忘归人 / 开拓者 - 同谐 / 大丽花,0.23,3285,prydwen_page,3,as|all|4.3.1|lingsha>the-dahlia>tingyun-fugue>trailblazer-harmony
末日幻影,as,全部,all,4.3.1,45,银狼LV.999 / 绯英 / 火花 / 爻光,0.23,3787,prydwen_page,3,as|all|4.3.1|evanescia>silver-wolf-lv-999>sparxie>yao-guang
末日幻影,as,全部,all,4.3.1,45,银狼LV.999 / 开拓者•欢愉 / 爻光 / 风堇,0.23,3552,prydwen_page,3,as|all|4.3.1|hyacine>silver-wolf-lv-999>trailblazer-elation>yao-guang
末日幻影,as,全部,all,4.3.1,45,海瑟音 / 卡芙卡 / 知更鸟 / 丹恒•腾荒,0.19,3235,prydwen_page,3,as|all|4.3.1|dan-heng-permansor-terrae>hysilens>kafka>robin
混沌回忆,moc,全部,all,4.2.1,46,白厄 / 刻律德菈 / 昔涟 / 缇宝,0.26,9,prydwen_page,5,moc|all|4.2.1|cerydra>cyrene>phainon>tribbie
混沌回忆,moc,全部,all,4.2.1,46,绯英 / 开拓者•欢愉 / 星期日 / 藿藿,0.26,8.4,prydwen_page,5,moc|all|4.2.1|evanescia>huohuo>sunday>trailblazer-elation
混沌回忆,moc,全部,all,4.2.1,47,万敌 / 昔涟 / 缇宝 / 风堇,0.24,9,prydwen_page,5,moc|all|4.2.1|cyrene>hyacine>mydei>tribbie
混沌回忆,moc,全部,all,4.2.1,48,白厄 / 刻律德菈 / 昔涟 / 花火,0.25,99.99,prydwen_page,6,moc|all|4.2.1|cerydra>cyrene>phainon>sparkle
混沌回忆,moc,全部,all,4.2.1,48,白厄 / 昔涟 / 星期日 / 丹恒•腾荒,0.25,8.14,prydwen_page,5,moc|all|4.2.1|cyrene>dan-heng-permansor-terrae>phainon>sunday
混沌回忆,moc,全部,all,4.2.1,48,海瑟音 / 黑天鹅 / 卡芙卡 / 砂金,0.25,7.6,prydwen_page,5,moc|all|4.2.1|aventurine>black-swan>hysilens>kafka
混沌回忆,moc,全部,all,4.2.1,49,银狼LV.999 / 火花 / 开拓者•欢愉 / 风堇,0.23,9.5,prydwen_page,5,moc|all|4.2.1|hyacine>silver-wolf-lv-999>sparxie>trailblazer-elation
混沌回忆,moc,全部,all,4.2.1,50,银狼LV.999 / 火花 / 开拓者•欢愉 / 爻光,0.21,99.99,prydwen_page,5,moc|all|4.2.1|silver-wolf-lv-999>sparxie>trailblazer-elation>yao-guang
混沌回忆,moc,全部,all,4.2.1,51,海瑟音 / 黑天鹅 / 卡芙卡 / 阮•梅,0.24,6,prydwen_page,5,moc|all|4.2.1|black-swan>hysilens>kafka>ruan-mei
混沌回忆,moc,全部,all,4.2.1,51,海瑟音 / 黑天鹅 / 卡芙卡 / 知更鸟,0.24,3,prydwen_page,5,moc|all|4.2.1|black-swan>hysilens>kafka>robin
混沌回忆,moc,全部,all,4.2.1,51,黄泉 / 千冶•刃 / 缇宝 / 瓦尔特,0.24,3,prydwen_page,4,moc|all|4.2.1|acheron>blade-mortenax>tribbie>welt
混沌回忆,moc,全部,all,4.2.1,52,乱破 / 忘归人 / 大丽花 / 灵砂,0.2,8.75,prydwen_page,6,moc|all|4.2.1|lingsha>rappa>the-dahlia>tingyun-fugue
混沌回忆,moc,全部,all,4.2.1,54,波提欧 / 忘归人 / 阮•梅 / 大丽花,0.22,99.99,prydwen_page,5,moc|all|4.2.1|boothill>ruan-mei>the-dahlia>tingyun-fugue
混沌回忆,moc,全部,all,4.2.1,55,那刻夏 / 刻律德菈 / 星期日 / 丹恒•腾荒,0.21,9.5,prydwen_page,5,moc|all|4.2.1|anaxa>cerydra>dan-heng-permansor-terrae>sunday
混沌回忆,moc,全部,all,4.2.1,56,Archer / 知更鸟 / 花火 / 丹恒•腾荒,0.2,99.99,prydwen_page,6,moc|all|4.2.1|archer>dan-heng-permansor-terrae>robin>sparkle
混沌回忆,moc,全部,all,4.2.1,56,银狼LV.999 / 火花 / 开拓者•欢愉 / 符玄,0.18,8,prydwen_page,5,moc|all|4.2.1|fu-xuan>silver-wolf-lv-999>sparxie>trailblazer-elation
混沌回忆,moc,全部,all,4.2.1,57,瓦尔特 / 花火 / 星期日 / 丹恒•腾荒,0.16,8,prydwen_page,6,moc|all|4.2.1|dan-heng-permansor-terrae>sparkle>sunday>welt
混沌回忆,moc,全部,all,4.2.1,57,万敌 / 昔涟 / 开拓者•记忆 / 风堇,0.16,8.67,prydwen_page,4,moc|all|4.2.1|cyrene>hyacine>mydei>trailblazer-remembrance
混沌回忆,moc,全部,all,4.2.1,59,白厄 / 布洛妮娅 / 刻律德菈 / 星期日,0.17,99.99,prydwen_page,5,moc|all|4.2.1|bronya>cerydra>phainon>sunday
混沌回忆,moc,全部,all,4.2.1,59,海瑟音 / 黑天鹅 / 卡芙卡 / 千冶•刃,0.17,3,prydwen_page,4,moc|all|4.2.1|black-swan>blade-mortenax>hysilens>kafka
混沌回忆,moc,全部,all,4.2.1,61,不死途 / 开拓者•记忆 / 缇宝 / 丹恒•腾荒,0.15,7.33,prydwen_page,4,moc|all|4.2.1|ashveil>dan-heng-permansor-terrae>trailblazer-remembrance>tribbie
混沌回忆,moc,全部,all,4.2.1,61,流萤 / 忘归人 / 大丽花 / 风堇,0.15,8.3,prydwen_page,5,moc|all|4.2.1|firefly>hyacine>the-dahlia>tingyun-fugue
混沌回忆,moc,全部,all,4.2.1,61,白厄 / 刻律德菈 / 星期日 / 缇宝,0.15,99.99,prydwen_page,4,moc|all|4.2.1|cerydra>phainon>sunday>tribbie
混沌回忆,moc,全部,all,4.2.1,61,海瑟音 / 黑天鹅 / 卡芙卡 / 赛飞儿,0.15,99.99,prydwen_page,4,moc|all|4.2.1|black-swan>cipher>hysilens>kafka
混沌回忆,moc,全部,all,4.2.1,61,白厄 / 刻律德菈 / 开拓者•记忆 / 星期日,0.15,9,prydwen_page,5,moc|all|4.2.1|cerydra>phainon>sunday>trailblazer-remembrance
混沌回忆,moc,全部,all,4.2.1,61,遐蝶 / 长夜月 / 阮•梅 / 风堇,0.15,99.99,prydwen_page,5,moc|all|4.2.1|castorice>hyacine>march-7th-evernight>ruan-mei
混沌回忆,moc,全部,all,4.2.1,61,海瑟音 / 黑天鹅 / 卡芙卡 / 加拉赫,0.15,9,prydwen_page,4,moc|all|4.2.1|black-swan>gallagher>hysilens>kafka
混沌回忆,moc,全部,all,4.2.1,61,银狼LV.999 / 花火 / 爻光 / 藿藿,0.15,6,prydwen_page,4,moc|all|4.2.1|huohuo>silver-wolf-lv-999>sparkle>yao-guang
混沌回忆,moc,全部,all,4.2.1,61,不死途 / 千冶•刃 / 缇宝 / 罗刹,0.15,99.99,prydwen_page,4,moc|all|4.2.1|ashveil>blade-mortenax>luocha>tribbie
混沌回忆,moc,全部,all,4.2.1,64,银狼LV.999 / 火花 / 开拓者•欢愉 / 砂金,0.14,9,prydwen_page,4,moc|all|4.2.1|aventurine>silver-wolf-lv-999>sparxie>trailblazer-elation
混沌回忆,moc,全部,all,4.2.1,64,银狼LV.999 / 火花 / 爻光 / 罗刹,0.14,7.5,prydwen_page,4,moc|all|4.2.1|luocha>silver-wolf-lv-999>sparxie>yao-guang
