tier_snapshot_id,fetched_at,tier_updated_at,tier_updated_date,tier_mode,tier_mode_cn,character_slug,character_name_en,character_name_cn,prydwen_category,prydwen_role,role_group,role_group_cn,tier,rating,tags,marks,is_new,element,element_cn,style,style_cn,faction,rarity,icon_url,source_url
20260617,2026-07-05T12:48:56,17/June/2026,2026-06-17,sd,式舆防卫,alice,Alice Thymefield,爱丽丝·泰姆菲尔德,AnoDPS,异常主C,anomaly_dps,异常主C,T0.5,10,Watchlist [DOWN],watch,,Physical,物理,Anomaly,异常,Spook Shack,S,https://cdn.prydwen.gg/images/zenless-zone-zero/characters/alice.webp,https://www.prydwen.gg/zenless/tier-list
20260617,2026-07-05T12:48:56,17/June/2026,2026-06-17,da,危局强袭,alice,Alice Thymefield,爱丽丝·泰姆菲尔德,AnoDPS,异常主C,anomaly_dps,异常主C,T0.5,10,Watchlist [DOWN],watch,,Physical,物理,Anomaly,异常,Spook Shack,S,https://cdn.prydwen.gg/images/zenless-zone-zero/characters/alice.webp,https://www.prydwen.gg/zenless/tier-list
20260617,2026-07-05T12:48:56,17/June/2026,2026-06-17,sd,式舆防卫,anby-demara,Anby Demara,安比·德玛拉,Support,辅助,support,辅助,T3,6,,,,Electric,电,Stun,击破,Cunning Hares,A,https://cdn.prydwen.gg/images/zenless-zone-zero/characters/anby-demara.webp,https://www.prydwen.gg/zenless/tier-list
20260617,2026-07-05T12:48:56,17/June/2026,2026-06-17,da,危局强袭,anby-demara,Anby Demara,安比·德玛拉,Support,辅助,support,辅助,T3,6,,,,Electric,电,Stun,击破,Cunning Hares,A,https://cdn.prydwen.gg/images/zenless-zone-zero/characters/anby-demara.webp,https://www.prydwen.gg/zenless/tier-list
20260617,2026-07-05T12:48:56,17/June/2026,2026-06-17,sd,式舆防卫,anby-demara-soldier-0,Soldier 0 - Anby,零号·安比,CritDPS,直伤主C,crit_dps,直伤主C,T1,9,,down,,Electric,电,Attack,强攻,Unknown Faction,S,https://cdn.prydwen.gg/images/zenless-zone-zero/characters/anby-demara-soldier-0.webp,https://www.prydwen.gg/zenless/tier-list
20260617,2026-07-05T12:48:56,17/June/2026,2026-06-17,da,危局强袭,anby-demara-soldier-0,Soldier 0 - Anby,零号·安比,CritDPS,直伤主C,crit_dps,直伤主C,T1,9,,down,,Electric,电,Attack,强攻,Unknown Faction,S,https://cdn.prydwen.gg/images/zenless-zone-zero/characters/anby-demara-soldier-0.webp,https://www.prydwen.gg/zenless/tier-list
20260617,2026-07-05T12:48:56,17/June/2026,2026-06-17,sd,式舆防卫,anton,Anton Ivanov,安东·伊万诺夫,CritDPS,直伤主C,crit_dps,直伤主C,T3,6,,down,,Electric,电,Attack,强攻,Belobog Heavy Industries,A,https://cdn.prydwen.gg/images/zenless-zone-zero/characters/anton.webp,https://www.prydwen.gg/zenless/tier-list
20260617,2026-07-05T12:48:56,17/June/2026,2026-06-17,da,危局强袭,anton,Anton Ivanov,安东·伊万诺夫,CritDPS,直伤主C,crit_dps,直伤主C,T3,6,,down,,Electric,电,Attack,强攻,Belobog Heavy Industries,A,https://cdn.prydwen.gg/images/zenless-zone-zero/characters/anton.webp,https://www.prydwen.gg/zenless/tier-list
20260617,2026-07-05T12:48:56,17/June/2026,2026-06-17,sd,式舆防卫,aria,Aria,爱芮,AnoDPS,异常主C,anomaly_dps,异常主C,T0,11,,,,Ether,以太,Anomaly,异常,Angels of Delusion,S,https://cdn.prydwen.gg/images/zenless-zone-zero/characters/aria.webp,https://www.prydwen.gg/zenless/tier-list
20260617,2026-07-05T12:48:56,17/June/2026,2026-06-17,da,危局强袭,aria,Aria,爱芮,AnoDPS,异常主C,anomaly_dps,异常主C,T0,11,,,,Ether,以太,Anomaly,异常,Angels of Delusion,S,https://cdn.prydwen.gg/images/zenless-zone-zero/characters/aria.webp,https://www.prydwen.gg/zenless/tier-list
20260617,2026-07-05T12:48:56,17/June/2026,2026-06-17,sd,式舆防卫,astra-yao,Astra Yao,耀嘉音,Support,辅助,support,辅助,T0.5,10,,down,,Ether,以太,Support,支援,Stars of Lyra,S,https://cdn.prydwen.gg/images/zenless-zone-zero/characters/astra-yao.webp,https://www.prydwen.gg/zenless/tier-list
20260617,2026-07-05T12:48:56,17/June/2026,2026-06-17,da,危局强袭,astra-yao,Astra Yao,耀嘉音,Support,辅助,support,辅助,T0.5,10,,down,,Ether,以太,Support,支援,Stars of Lyra,S,https://cdn.prydwen.gg/images/zenless-zone-zero/characters/astra-yao.webp,https://www.prydwen.gg/zenless/tier-list
20260617,2026-07-05T12:48:56,17/June/2026,2026-06-17,sd,式舆防卫,banyue,Banyue,般岳,CritDPS,直伤主C,crit_dps,直伤主C,T0.5,10,Expert,,,Fire,火,Rupture,命破,Krampus Compliance Authority,S,https://cdn.prydwen.gg/images/zenless-zone-zero/characters/banyue.webp,https://www.prydwen.gg/zenless/tier-list
20260617,2026-07-05T12:48:56,17/June/2026,2026-06-17,da,危局强袭,banyue,Banyue,般岳,CritDPS,直伤主C,crit_dps,直伤主C,T0.5,10,Expert,,,Fire,火,Rupture,命破,Krampus Compliance Authority,S,https://cdn.prydwen.gg/images/zenless-zone-zero/characters/banyue.webp,https://www.prydwen.gg/zenless/tier-list
20260617,2026-07-05T12:48:56,17/June/2026,2026-06-17,sd,式舆防卫,ben,Ben Bigger,本·比格,CritDPS,直伤主C,crit_dps,直伤主C,T3,6,,,,Fire,火,Defence,防护,Belobog Heavy Industries,A,https://cdn.prydwen.gg/images/zenless-zone-zero/characters/ben.webp,https://www.prydwen.gg/zenless/tier-list
20260617,2026-07-05T12:48:56,17/June/2026,2026-06-17,da,危局强袭,ben,Ben Bigger,本·比格,CritDPS,直伤主C,crit_dps,直伤主C,T3,6,,,,Fire,火,Defence,防护,Belobog Heavy Industries,A,https://cdn.prydwen.gg/images/zenless-zone-zero/characters/ben.webp,https://www.prydwen.gg/zenless/tier-list
20260617,2026-07-05T12:48:56,17/June/2026,2026-06-17,sd,式舆防卫,billy-kid,Billy Kid,比利·奇德,CritDPS,直伤主C,crit_dps,直伤主C,T2,7,,,,Physical,物理,Attack,强攻,Cunning Hares,A,https://cdn.prydwen.gg/images/zenless-zone-zero/characters/billy-kid.webp,https://www.prydwen.gg/zenless/tier-list
20260617,2026-07-05T12:48:56,17/June/2026,2026-06-17,da,危局强袭,billy-kid,Billy Kid,比利·奇德,CritDPS,直伤主C,crit_dps,直伤主C,T2,7,,,,Physical,物理,Attack,强攻,Cunning Hares,A,https://cdn.prydwen.gg/images/zenless-zone-zero/characters/billy-kid.webp,https://www.prydwen.gg/zenless/tier-list
20260617,2026-07-05T12:48:56,17/June/2026,2026-06-17,sd,式舆防卫,billy-starlight,Starlight - Billy,星徽·比利,CritDPS,直伤主C,crit_dps,直伤主C,T0.5,10,,,,Physical,物理,Rupture,命破,Cunning Hares,S,https://cdn.prydwen.gg/images/zenless-zone-zero/characters/billy-starlight.webp,https://www.prydwen.gg/zenless/tier-list
20260617,2026-07-05T12:48:56,17/June/2026,2026-06-17,da,危局强袭,billy-starlight,Starlight - Billy,星徽·比利,CritDPS,直伤主C,crit_dps,直伤主C,T0.5,10,,,,Physical,物理,Rupture,命破,Cunning Hares,S,https://cdn.prydwen.gg/images/zenless-zone-zero/characters/billy-starlight.webp,https://www.prydwen.gg/zenless/tier-list
20260617,2026-07-05T12:48:56,17/June/2026,2026-06-17,sd,式舆防卫,burnice,Burnice White,柏妮思·怀特,AnoDPS,异常主C,anomaly_dps,异常主C,T1,9,,,,Fire,火,Anomaly,异常,Sons of Calydon,S,https://cdn.prydwen.gg/images/zenless-zone-zero/characters/burnice.webp,https://www.prydwen.gg/zenless/tier-list
20260617,2026-07-05T12:48:56,17/June/2026,2026-06-17,da,危局强袭,burnice,Burnice White,柏妮思·怀特,AnoDPS,异常主C,anomaly_dps,异常主C,T1,9,,,,Fire,火,Anomaly,异常,Sons of Calydon,S,https://cdn.prydwen.gg/images/zenless-zone-zero/characters/burnice.webp,https://www.prydwen.gg/zenless/tier-list
20260617,2026-07-05T12:48:56,17/June/2026,2026-06-17,sd,式舆防卫,caesar,Caesar King,凯撒·金,Support,辅助,support,辅助,T2,7,,,,Physical,物理,Defence,防护,Sons of Calydon,S,https://cdn.prydwen.gg/images/zenless-zone-zero/characters/caesar.webp,https://www.prydwen.gg/zenless/tier-list
20260617,2026-07-05T12:48:56,17/June/2026,2026-06-17,da,危局强袭,caesar,Caesar King,凯撒·金,Support,辅助,support,辅助,T2,7,,,,Physical,物理,Defence,防护,Sons of Calydon,S,https://cdn.prydwen.gg/images/zenless-zone-zero/characters/caesar.webp,https://www.prydwen.gg/zenless/tier-list
20260617,2026-07-05T12:48:56,17/June/2026,2026-06-17,sd,式舆防卫,cissia,Cissia,希希芙,CritDPS,直伤主C,crit_dps,直伤主C,T0.5,10,Partner (Seed),,,Electric,电,Attack,强攻,Metropolitan Order Division,S,https://cdn.prydwen.gg/images/zenless-zone-zero/characters/cissia.webp,https://www.prydwen.gg/zenless/tier-list
20260617,2026-07-05T12:48:56,17/June/2026,2026-06-17,da,危局强袭,cissia,Cissia,希希芙,CritDPS,直伤主C,crit_dps,直伤主C,T0.5,10,Partner (Seed),,,Electric,电,Attack,强攻,Metropolitan Order Division,S,https://cdn.prydwen.gg/images/zenless-zone-zero/characters/cissia.webp,https://www.prydwen.gg/zenless/tier-list
20260617,2026-07-05T12:48:56,17/June/2026,2026-06-17,sd,式舆防卫,corin,Corin Wickes,可琳·威克斯,CritDPS,直伤主C,crit_dps,直伤主C,T2,7,,,,Physical,物理,Attack,强攻,Victoria Housekeeping Co.,A,https://cdn.prydwen.gg/images/zenless-zone-zero/characters/corin.webp,https://www.prydwen.gg/zenless/tier-list
20260617,2026-07-05T12:48:56,17/June/2026,2026-06-17,da,危局强袭,corin,Corin Wickes,可琳·威克斯,CritDPS,直伤主C,crit_dps,直伤主C,T2,7,,,,Physical,物理,Attack,强攻,Victoria Housekeeping Co.,A,https://cdn.prydwen.gg/images/zenless-zone-zero/characters/corin.webp,https://www.prydwen.gg/zenless/tier-list
20260617,2026-07-05T12:48:56,17/June/2026,2026-06-17,sd,式舆防卫,dialyn,Dialyn,琉音,Support,辅助,support,辅助,T0,11,,,,Physical,物理,Stun,击破,Krampus Compliance Authority,S,https://cdn.prydwen.gg/images/zenless-zone-zero/characters/dialyn.webp,https://www.prydwen.gg/zenless/tier-list
20260617,2026-07-05T12:48:56,17/June/2026,2026-06-17,da,危局强袭,dialyn,Dialyn,琉音,Support,辅助,support,辅助,T0,11,,,,Physical,物理,Stun,击破,Krampus Compliance Authority,S,https://cdn.prydwen.gg/images/zenless-zone-zero/characters/dialyn.webp,https://www.prydwen.gg/zenless/tier-list
20260617,2026-07-05T12:48:56,17/June/2026,2026-06-17,sd,式舆防卫,ellen,Ellen Joe,艾莲·乔,CritDPS,直伤主C,crit_dps,直伤主C,T1.5,8,,down,,Ice,冰,Attack,强攻,Victoria Housekeeping Co.,S,https://cdn.prydwen.gg/images/zenless-zone-zero/characters/ellen.webp,https://www.prydwen.gg/zenless/tier-list
20260617,2026-07-05T12:48:56,17/June/2026,2026-06-17,da,危局强袭,ellen,Ellen Joe,艾莲·乔,CritDPS,直伤主C,crit_dps,直伤主C,T1.5,8,,down,,Ice,冰,Attack,强攻,Victoria Housekeeping Co.,S,https://cdn.prydwen.gg/images/zenless-zone-zero/characters/ellen.webp,https://www.prydwen.gg/zenless/tier-list
20260617,2026-07-05T12:48:56,17/June/2026,2026-06-17,sd,式舆防卫,evelyn,Evelyn Chevalier,伊芙琳·舒瓦利耶,CritDPS,直伤主C,crit_dps,直伤主C,T1,9,,down,,Fire,火,Attack,强攻,Stars of Lyra,S,https://cdn.prydwen.gg/images/zenless-zone-zero/characters/evelyn.webp,https://www.prydwen.gg/zenless/tier-list
20260617,2026-07-05T12:48:56,17/June/2026,2026-06-17,da,危局强袭,evelyn,Evelyn Chevalier,伊芙琳·舒瓦利耶,CritDPS,直伤主C,crit_dps,直伤主C,T1,9,,down,,Fire,火,Attack,强攻,Stars of Lyra,S,https://cdn.prydwen.gg/images/zenless-zone-zero/characters/evelyn.webp,https://www.prydwen.gg/zenless/tier-list
20260617,2026-07-05T12:48:56,17/June/2026,2026-06-17,sd,式舆防卫,grace-howard,Grace Howard,格莉丝·霍华德,AnoDPS,异常主C,anomaly_dps,异常主C,T1.5,8,Watchlist [UP],"up,watch",,Electric,电,Anomaly,异常,Belobog Heavy Industries,S,https://cdn.prydwen.gg/images/zenless-zone-zero/characters/grace-howard.webp,https://www.prydwen.gg/zenless/tier-list
20260617,2026-07-05T12:48:56,17/June/2026,2026-06-17,da,危局强袭,grace-howard,Grace Howard,格莉丝·霍华德,AnoDPS,异常主C,anomaly_dps,异常主C,T1.5,8,Watchlist [UP],"up,watch",,Electric,电,Anomaly,异常,Belobog Heavy Industries,S,https://cdn.prydwen.gg/images/zenless-zone-zero/characters/grace-howard.webp,https://www.prydwen.gg/zenless/tier-list
20260617,2026-07-05T12:48:56,17/June/2026,2026-06-17,sd,式舆防卫,harumasa,Asaba Harumasa,浅羽 悠真,CritDPS,直伤主C,crit_dps,直伤主C,T1,9,Expert,,,Electric,电,Attack,强攻,Section 6,S,https://cdn.prydwen.gg/images/zenless-zone-zero/characters/harumasa.webp,https://www.prydwen.gg/zenless/tier-list
20260617,2026-07-05T12:48:56,17/June/2026,2026-06-17,da,危局强袭,harumasa,Asaba Harumasa,浅羽 悠真,CritDPS,直伤主C,crit_dps,直伤主C,T1,9,Expert,,,Electric,电,Attack,强攻,Section 6,S,https://cdn.prydwen.gg/images/zenless-zone-zero/characters/harumasa.webp,https://www.prydwen.gg/zenless/tier-list
20260617,2026-07-05T12:48:56,17/June/2026,2026-06-17,sd,式舆防卫,hugo,Hugo Vlad,雨果·维拉德,CritDPS,直伤主C,crit_dps,直伤主C,T1.5,8,,down,,Ice,冰,Attack,强攻,Mockingbird,S,https://cdn.prydwen.gg/images/zenless-zone-zero/characters/hugo.webp,https://www.prydwen.gg/zenless/tier-list
20260617,2026-07-05T12:48:56,17/June/2026,2026-06-17,da,危局强袭,hugo,Hugo Vlad,雨果·维拉德,CritDPS,直伤主C,crit_dps,直伤主C,T1.5,8,,down,,Ice,冰,Attack,强攻,Mockingbird,S,https://cdn.prydwen.gg/images/zenless-zone-zero/characters/hugo.webp,https://www.prydwen.gg/zenless/tier-list
20260617,2026-07-05T12:48:56,17/June/2026,2026-06-17,sd,式舆防卫,jane-doe,Jane Doe,简·杜,AnoDPS,异常主C,anomaly_dps,异常主C,T1,9,,,,Physical,物理,Anomaly,异常,N.E.P.S.,S,https://cdn.prydwen.gg/images/zenless-zone-zero/characters/jane-doe.webp,https://www.prydwen.gg/zenless/tier-list
20260617,2026-07-05T12:48:56,17/June/2026,2026-06-17,da,危局强袭,jane-doe,Jane Doe,简·杜,AnoDPS,异常主C,anomaly_dps,异常主C,T1,9,,,,Physical,物理,Anomaly,异常,N.E.P.S.,S,https://cdn.prydwen.gg/images/zenless-zone-zero/characters/jane-doe.webp,https://www.prydwen.gg/zenless/tier-list
20260617,2026-07-05T12:48:56,17/June/2026,2026-06-17,sd,式舆防卫,ju-fufu,Ju Fufu,橘福福,Support,辅助,support,辅助,T0.5,10,,,,Fire,火,Stun,击破,Yunkui Summit,S,https://cdn.prydwen.gg/images/zenless-zone-zero/characters/ju-fufu.webp,https://www.prydwen.gg/zenless/tier-list
20260617,2026-07-05T12:48:56,17/June/2026,2026-06-17,da,危局强袭,ju-fufu,Ju Fufu,橘福福,Support,辅助,support,辅助,T0.5,10,,,,Fire,火,Stun,击破,Yunkui Summit,S,https://cdn.prydwen.gg/images/zenless-zone-zero/characters/ju-fufu.webp,https://www.prydwen.gg/zenless/tier-list
20260617,2026-07-05T12:48:56,17/June/2026,2026-06-17,sd,式舆防卫,koleda,Koleda Belobog,珂蕾妲·贝洛伯格,Support,辅助,support,辅助,T2,7,,,,Fire,火,Stun,击破,Belobog Heavy Industries,S,https://cdn.prydwen.gg/images/zenless-zone-zero/characters/koleda.webp,https://www.prydwen.gg/zenless/tier-list
20260617,2026-07-05T12:48:56,17/June/2026,2026-06-17,da,危局强袭,koleda,Koleda Belobog,珂蕾妲·贝洛伯格,Support,辅助,support,辅助,T2,7,,,,Fire,火,Stun,击破,Belobog Heavy Industries,S,https://cdn.prydwen.gg/images/zenless-zone-zero/characters/koleda.webp,https://www.prydwen.gg/zenless/tier-list
20260617,2026-07-05T12:48:56,17/June/2026,2026-06-17,sd,式舆防卫,lighter,Lighter,莱特,Support,辅助,support,辅助,T1,9,,down,,Fire,火,Stun,击破,Sons of Calydon,S,https://cdn.prydwen.gg/images/zenless-zone-zero/characters/lighter.webp,https://www.prydwen.gg/zenless/tier-list
20260617,2026-07-05T12:48:56,17/June/2026,2026-06-17,da,危局强袭,lighter,Lighter,莱特,Support,辅助,support,辅助,T1,9,,down,,Fire,火,Stun,击破,Sons of Calydon,S,https://cdn.prydwen.gg/images/zenless-zone-zero/characters/lighter.webp,https://www.prydwen.gg/zenless/tier-list
20260617,2026-07-05T12:48:56,17/June/2026,2026-06-17,sd,式舆防卫,lucia,Lucia,卢西娅,Support,辅助,support,辅助,T0,11,,,,Ether,以太,Support,支援,Spook Shack,S,https://cdn.prydwen.gg/images/zenless-zone-zero/characters/lucia.webp,https://www.prydwen.gg/zenless/tier-list
20260617,2026-07-05T12:48:56,17/June/2026,2026-06-17,da,危局强袭,lucia,Lucia,卢西娅,Support,辅助,support,辅助,T0,11,,,,Ether,以太,Support,支援,Spook Shack,S,https://cdn.prydwen.gg/images/zenless-zone-zero/characters/lucia.webp,https://www.prydwen.gg/zenless/tier-list
20260617,2026-07-05T12:48:56,17/June/2026,2026-06-17,sd,式舆防卫,lucy,Luciana de Montefio,露西亚娜·德·蒙特夫,Support,辅助,support,辅助,T2,7,,,,Fire,火,Support,支援,Sons of Calydon,A,https://cdn.prydwen.gg/images/zenless-zone-zero/characters/lucy.webp,https://www.prydwen.gg/zenless/tier-list
20260617,2026-07-05T12:48:56,17/June/2026,2026-06-17,da,危局强袭,lucy,Luciana de Montefio,露西亚娜·德·蒙特夫,Support,辅助,support,辅助,T2,7,,,,Fire,火,Support,支援,Sons of Calydon,A,https://cdn.prydwen.gg/images/zenless-zone-zero/characters/lucy.webp,https://www.prydwen.gg/zenless/tier-list
20260617,2026-07-05T12:48:56,17/June/2026,2026-06-17,sd,式舆防卫,lycaon,Von Lycaon,冯·莱卡恩,Support,辅助,support,辅助,T1,9,,,,Ice,冰,Stun,击破,Victoria Housekeeping Co.,S,https://cdn.prydwen.gg/images/zenless-zone-zero/characters/lycaon.webp,https://www.prydwen.gg/zenless/tier-list
20260617,2026-07-05T12:48:56,17/June/2026,2026-06-17,da,危局强袭,lycaon,Von Lycaon,冯·莱卡恩,Support,辅助,support,辅助,T1,9,,,,Ice,冰,Stun,击破,Victoria Housekeeping Co.,S,https://cdn.prydwen.gg/images/zenless-zone-zero/characters/lycaon.webp,https://www.prydwen.gg/zenless/tier-list
20260617,2026-07-05T12:48:56,17/June/2026,2026-06-17,sd,式舆防卫,manato,Komano Manato,狛野真斗,CritDPS,直伤主C,crit_dps,直伤主C,T1.5,8,,down,,Fire,火,Rupture,命破,Spook Shack,A,https://cdn.prydwen.gg/images/zenless-zone-zero/characters/manato.webp,https://www.prydwen.gg/zenless/tier-list
20260617,2026-07-05T12:48:56,17/June/2026,2026-06-17,da,危局强袭,manato,Komano Manato,狛野真斗,CritDPS,直伤主C,crit_dps,直伤主C,T1.5,8,,down,,Fire,火,Rupture,命破,Spook Shack,A,https://cdn.prydwen.gg/images/zenless-zone-zero/characters/manato.webp,https://www.prydwen.gg/zenless/tier-list
20260617,2026-07-05T12:48:56,17/June/2026,2026-06-17,sd,式舆防卫,miyabi,Hoshimi Miyabi,星见 雅,AnoDPS,异常主C,anomaly_dps,异常主C,T0.5,10,,down,,Ice,冰,Anomaly,异常,Section 6,S,https://cdn.prydwen.gg/images/zenless-zone-zero/characters/miyabi.webp,https://www.prydwen.gg/zenless/tier-list
20260617,2026-07-05T12:48:56,17/June/2026,2026-06-17,da,危局强袭,miyabi,Hoshimi Miyabi,星见 雅,AnoDPS,异常主C,anomaly_dps,异常主C,T0.5,10,,down,,Ice,冰,Anomaly,异常,Section 6,S,https://cdn.prydwen.gg/images/zenless-zone-zero/characters/miyabi.webp,https://www.prydwen.gg/zenless/tier-list
20260617,2026-07-05T12:48:56,17/June/2026,2026-06-17,sd,式舆防卫,nangong-yu,Nangong Yu,南宫羽,Support,辅助,support,辅助,T0,11,,,,Ether,以太,Stun,击破,Angels of Delusion,S,https://cdn.prydwen.gg/images/zenless-zone-zero/characters/nangong-yu.webp,https://www.prydwen.gg/zenless/tier-list
20260617,2026-07-05T12:48:56,17/June/2026,2026-06-17,da,危局强袭,nangong-yu,Nangong Yu,南宫羽,Support,辅助,support,辅助,T0,11,,,,Ether,以太,Stun,击破,Angels of Delusion,S,https://cdn.prydwen.gg/images/zenless-zone-zero/characters/nangong-yu.webp,https://www.prydwen.gg/zenless/tier-list
20260617,2026-07-05T12:48:56,17/June/2026,2026-06-17,sd,式舆防卫,nekomata,Nekomiya Mana,猫宫 又奈,CritDPS,直伤主C,crit_dps,直伤主C,T2,7,,,,Physical,物理,Attack,强攻,Cunning Hares,S,https://cdn.prydwen.gg/images/zenless-zone-zero/characters/nekomata.webp,https://www.prydwen.gg/zenless/tier-list
20260617,2026-07-05T12:48:56,17/June/2026,2026-06-17,da,危局强袭,nekomata,Nekomiya Mana,猫宫 又奈,CritDPS,直伤主C,crit_dps,直伤主C,T2,7,,,,Physical,物理,Attack,强攻,Cunning Hares,S,https://cdn.prydwen.gg/images/zenless-zone-zero/characters/nekomata.webp,https://www.prydwen.gg/zenless/tier-list
20260617,2026-07-05T12:48:56,17/June/2026,2026-06-17,sd,式舆防卫,nicole-demara,Nicole Demara,妮可·德玛拉,Support,辅助,support,辅助,T0.5,10,Expert,,,Ether,以太,Support,支援,Cunning Hares,A,https://cdn.prydwen.gg/images/zenless-zone-zero/characters/nicole-demara.webp,https://www.prydwen.gg/zenless/tier-list
20260617,2026-07-05T12:48:56,17/June/2026,2026-06-17,da,危局强袭,nicole-demara,Nicole Demara,妮可·德玛拉,Support,辅助,support,辅助,T0.5,10,Expert,,,Ether,以太,Support,支援,Cunning Hares,A,https://cdn.prydwen.gg/images/zenless-zone-zero/characters/nicole-demara.webp,https://www.prydwen.gg/zenless/tier-list
20260617,2026-07-05T12:48:56,17/June/2026,2026-06-17,sd,式舆防卫,orphie-and-magus,"Orphie Magnusson & ""Magus""",奥菲丝·马格努森 & 「鬼火」,CritDPS,直伤主C,crit_dps,直伤主C,T1,9,,down,,Fire,火,Attack,强攻,OBOLS Squad,S,https://cdn.prydwen.gg/images/zenless-zone-zero/characters/orphie-and-magus.webp,https://www.prydwen.gg/zenless/tier-list
20260617,2026-07-05T12:48:56,17/June/2026,2026-06-17,da,危局强袭,orphie-and-magus,"Orphie Magnusson & ""Magus""",奥菲丝·马格努森 & 「鬼火」,CritDPS,直伤主C,crit_dps,直伤主C,T1,9,,down,,Fire,火,Attack,强攻,OBOLS Squad,S,https://cdn.prydwen.gg/images/zenless-zone-zero/characters/orphie-and-magus.webp,https://www.prydwen.gg/zenless/tier-list
20260617,2026-07-05T12:48:56,17/June/2026,2026-06-17,sd,式舆防卫,pan-yinhu,Pan Yinhu,潘引壶,Support,辅助,support,辅助,T1,9,,,,Physical,物理,Defence,防护,Yunkui Summit,A,https://cdn.prydwen.gg/images/zenless-zone-zero/characters/pan-yinhu.webp,https://www.prydwen.gg/zenless/tier-list
20260617,2026-07-05T12:48:56,17/June/2026,2026-06-17,da,危局强袭,pan-yinhu,Pan Yinhu,潘引壶,Support,辅助,support,辅助,T1,9,,,,Physical,物理,Defence,防护,Yunkui Summit,A,https://cdn.prydwen.gg/images/zenless-zone-zero/characters/pan-yinhu.webp,https://www.prydwen.gg/zenless/tier-list
20260617,2026-07-05T12:48:56,17/June/2026,2026-06-17,sd,式舆防卫,piper,Piper Wheel,派派·韦尔,AnoDPS,异常主C,anomaly_dps,异常主C,T1,9,,,,Physical,物理,Anomaly,异常,Sons of Calydon,A,https://cdn.prydwen.gg/images/zenless-zone-zero/characters/piper.webp,https://www.prydwen.gg/zenless/tier-list
20260617,2026-07-05T12:48:56,17/June/2026,2026-06-17,da,危局强袭,piper,Piper Wheel,派派·韦尔,AnoDPS,异常主C,anomaly_dps,异常主C,T1,9,,,,Physical,物理,Anomaly,异常,Sons of Calydon,A,https://cdn.prydwen.gg/images/zenless-zone-zero/characters/piper.webp,https://www.prydwen.gg/zenless/tier-list
20260617,2026-07-05T12:48:56,17/June/2026,2026-06-17,sd,式舆防卫,promeia,Promeia,普罗米娅,AnoDPS,异常主C,anomaly_dps,异常主C,T0,11,,up,,Ice,冰,Anomaly,异常,Krampus Compliance Authority,S,https://cdn.prydwen.gg/images/zenless-zone-zero/characters/promeia.webp,https://www.prydwen.gg/zenless/tier-list
20260617,2026-07-05T12:48:56,17/June/2026,2026-06-17,da,危局强袭,promeia,Promeia,普罗米娅,AnoDPS,异常主C,anomaly_dps,异常主C,T0,11,,up,,Ice,冰,Anomaly,异常,Krampus Compliance Authority,S,https://cdn.prydwen.gg/images/zenless-zone-zero/characters/promeia.webp,https://www.prydwen.gg/zenless/tier-list
20260617,2026-07-05T12:48:56,17/June/2026,2026-06-17,sd,式舆防卫,pulchra,Pulchra Fellini,波可娜·费雷尼,Support,辅助,support,辅助,T2,7,,,,Physical,物理,Stun,击破,Sons of Calydon,A,https://cdn.prydwen.gg/images/zenless-zone-zero/characters/pulchra.webp,https://www.prydwen.gg/zenless/tier-list
20260617,2026-07-05T12:48:56,17/June/2026,2026-06-17,da,危局强袭,pulchra,Pulchra Fellini,波可娜·费雷尼,Support,辅助,support,辅助,T2,7,,,,Physical,物理,Stun,击破,Sons of Calydon,A,https://cdn.prydwen.gg/images/zenless-zone-zero/characters/pulchra.webp,https://www.prydwen.gg/zenless/tier-list
20260617,2026-07-05T12:48:56,17/June/2026,2026-06-17,sd,式舆防卫,pyrois,Pyrois,,CritDPS,直伤主C,crit_dps,直伤主C,T0.5,10,,new,True,Ether,以太,Attack,强攻,Unknown Faction,S,https://cdn.prydwen.gg/images/zenless-zone-zero/characters/pyrois.webp,https://www.prydwen.gg/zenless/tier-list
20260617,2026-07-05T12:48:56,17/June/2026,2026-06-17,da,危局强袭,pyrois,Pyrois,,CritDPS,直伤主C,crit_dps,直伤主C,T0.5,10,,new,True,Ether,以太,Attack,强攻,Unknown Faction,S,https://cdn.prydwen.gg/images/zenless-zone-zero/characters/pyrois.webp,https://www.prydwen.gg/zenless/tier-list
20260617,2026-07-05T12:48:56,17/June/2026,2026-06-17,sd,式舆防卫,qingyi,Qingyi,青衣,Support,辅助,support,辅助,T1,9,,,,Electric,电,Stun,击破,N.E.P.S.,S,https://cdn.prydwen.gg/images/zenless-zone-zero/characters/qingyi.webp,https://www.prydwen.gg/zenless/tier-list
20260617,2026-07-05T12:48:56,17/June/2026,2026-06-17,da,危局强袭,qingyi,Qingyi,青衣,Support,辅助,support,辅助,T1,9,,,,Electric,电,Stun,击破,N.E.P.S.,S,https://cdn.prydwen.gg/images/zenless-zone-zero/characters/qingyi.webp,https://www.prydwen.gg/zenless/tier-list
20260617,2026-07-05T12:48:56,17/June/2026,2026-06-17,sd,式舆防卫,rina,Alexandrina Sebastiane,亚历山德丽娜·莎芭丝缇安,Support,辅助,support,辅助,T2,7,Expert,,,Electric,电,Support,支援,Victoria Housekeeping Co.,S,https://cdn.prydwen.gg/images/zenless-zone-zero/characters/rina.webp,https://www.prydwen.gg/zenless/tier-list
20260617,2026-07-05T12:48:56,17/June/2026,2026-06-17,da,危局强袭,rina,Alexandrina Sebastiane,亚历山德丽娜·莎芭丝缇安,Support,辅助,support,辅助,T2,7,Expert,,,Electric,电,Support,支援,Victoria Housekeeping Co.,S,https://cdn.prydwen.gg/images/zenless-zone-zero/characters/rina.webp,https://www.prydwen.gg/zenless/tier-list
20260617,2026-07-05T12:48:56,17/June/2026,2026-06-17,sd,式舆防卫,seed,Seed,「席德」,CritDPS,直伤主C,crit_dps,直伤主C,T0.5,10,,,,Electric,电,Attack,强攻,OBOLS Squad,S,https://cdn.prydwen.gg/images/zenless-zone-zero/characters/seed.webp,https://www.prydwen.gg/zenless/tier-list
20260617,2026-07-05T12:48:56,17/June/2026,2026-06-17,da,危局强袭,seed,Seed,「席德」,CritDPS,直伤主C,crit_dps,直伤主C,T0.5,10,,,,Electric,电,Attack,强攻,OBOLS Squad,S,https://cdn.prydwen.gg/images/zenless-zone-zero/characters/seed.webp,https://www.prydwen.gg/zenless/tier-list
20260617,2026-07-05T12:48:56,17/June/2026,2026-06-17,sd,式舆防卫,seth,Seth Lowell,赛斯·洛威尔,Support,辅助,support,辅助,T3,6,,,,Electric,电,Defence,防护,N.E.P.S.,A,https://cdn.prydwen.gg/images/zenless-zone-zero/characters/seth.webp,https://www.prydwen.gg/zenless/tier-list
20260617,2026-07-05T12:48:56,17/June/2026,2026-06-17,da,危局强袭,seth,Seth Lowell,赛斯·洛威尔,Support,辅助,support,辅助,T3,6,,,,Electric,电,Defence,防护,N.E.P.S.,A,https://cdn.prydwen.gg/images/zenless-zone-zero/characters/seth.webp,https://www.prydwen.gg/zenless/tier-list
20260617,2026-07-05T12:48:56,17/June/2026,2026-06-17,sd,式舆防卫,soldier-11,Soldier 11,「11号」,CritDPS,直伤主C,crit_dps,直伤主C,T1.5,8,,down,,Fire,火,Attack,强攻,OBOLS Squad,S,https://cdn.prydwen.gg/images/zenless-zone-zero/characters/soldier-11.webp,https://www.prydwen.gg/zenless/tier-list
20260617,2026-07-05T12:48:56,17/June/2026,2026-06-17,da,危局强袭,soldier-11,Soldier 11,「11号」,CritDPS,直伤主C,crit_dps,直伤主C,T1.5,8,,down,,Fire,火,Attack,强攻,OBOLS Squad,S,https://cdn.prydwen.gg/images/zenless-zone-zero/characters/soldier-11.webp,https://www.prydwen.gg/zenless/tier-list
20260617,2026-07-05T12:48:56,17/June/2026,2026-06-17,sd,式舆防卫,soukaku,Soukaku,苍角,Support,辅助,support,辅助,T1.5,8,Partner (Miyabi),down,,Ice,冰,Support,支援,Section 6,A,https://cdn.prydwen.gg/images/zenless-zone-zero/characters/soukaku.webp,https://www.prydwen.gg/zenless/tier-list
20260617,2026-07-05T12:48:56,17/June/2026,2026-06-17,da,危局强袭,soukaku,Soukaku,苍角,Support,辅助,support,辅助,T1.5,8,Partner (Miyabi),down,,Ice,冰,Support,支援,Section 6,A,https://cdn.prydwen.gg/images/zenless-zone-zero/characters/soukaku.webp,https://www.prydwen.gg/zenless/tier-list
20260617,2026-07-05T12:48:56,17/June/2026,2026-06-17,sd,式舆防卫,sunna,Sunna,千夏,Support,辅助,support,辅助,T0,11,,,,Physical,物理,Support,支援,Angels of Delusion,S,https://cdn.prydwen.gg/images/zenless-zone-zero/characters/sunna.webp,https://www.prydwen.gg/zenless/tier-list
20260617,2026-07-05T12:48:56,17/June/2026,2026-06-17,da,危局强袭,sunna,Sunna,千夏,Support,辅助,support,辅助,T0,11,,,,Physical,物理,Support,支援,Angels of Delusion,S,https://cdn.prydwen.gg/images/zenless-zone-zero/characters/sunna.webp,https://www.prydwen.gg/zenless/tier-list
20260617,2026-07-05T12:48:56,17/June/2026,2026-06-17,sd,式舆防卫,trigger,Trigger,「扳机」,Support,辅助,support,辅助,T0.5,10,,,,Electric,电,Stun,击破,OBOLS Squad,S,https://cdn.prydwen.gg/images/zenless-zone-zero/characters/trigger.webp,https://www.prydwen.gg/zenless/tier-list
20260617,2026-07-05T12:48:56,17/June/2026,2026-06-17,da,危局强袭,trigger,Trigger,「扳机」,Support,辅助,support,辅助,T0.5,10,,,,Electric,电,Stun,击破,OBOLS Squad,S,https://cdn.prydwen.gg/images/zenless-zone-zero/characters/trigger.webp,https://www.prydwen.gg/zenless/tier-list
20260617,2026-07-05T12:48:56,17/June/2026,2026-06-17,sd,式舆防卫,velina,Velina,维琳娜·艾嘉德,AnoDPS,异常主C,anomaly_dps,异常主C,T0.5,10,,new,True,Wind,风,Anomaly,异常,External Strategy Department,S,https://cdn.prydwen.gg/images/zenless-zone-zero/characters/velina.webp,https://www.prydwen.gg/zenless/tier-list
20260617,2026-07-05T12:48:56,17/June/2026,2026-06-17,da,危局强袭,velina,Velina,维琳娜·艾嘉德,AnoDPS,异常主C,anomaly_dps,异常主C,T0.5,10,,new,True,Wind,风,Anomaly,异常,External Strategy Department,S,https://cdn.prydwen.gg/images/zenless-zone-zero/characters/velina.webp,https://www.prydwen.gg/zenless/tier-list
20260617,2026-07-05T12:48:56,17/June/2026,2026-06-17,sd,式舆防卫,vivian,Vivian Banshee,薇薇安·班希,AnoDPS,异常主C,anomaly_dps,异常主C,T1,9,Partner (Promeia),down,,Ether,以太,Anomaly,异常,Mockingbird,S,https://cdn.prydwen.gg/images/zenless-zone-zero/characters/vivian.webp,https://www.prydwen.gg/zenless/tier-list
20260617,2026-07-05T12:48:56,17/June/2026,2026-06-17,da,危局强袭,vivian,Vivian Banshee,薇薇安·班希,AnoDPS,异常主C,anomaly_dps,异常主C,T1,9,Partner (Promeia),down,,Ether,以太,Anomaly,异常,Mockingbird,S,https://cdn.prydwen.gg/images/zenless-zone-zero/characters/vivian.webp,https://www.prydwen.gg/zenless/tier-list
20260617,2026-07-05T12:48:56,17/June/2026,2026-06-17,sd,式舆防卫,yanagi,Tsukishiro Yanagi,月城 柳,AnoDPS,异常主C,anomaly_dps,异常主C,T1,9,,,,Electric,电,Anomaly,异常,Section 6,S,https://cdn.prydwen.gg/images/zenless-zone-zero/characters/yanagi.webp,https://www.prydwen.gg/zenless/tier-list
20260617,2026-07-05T12:48:56,17/June/2026,2026-06-17,da,危局强袭,yanagi,Tsukishiro Yanagi,月城 柳,AnoDPS,异常主C,anomaly_dps,异常主C,T1,9,,,,Electric,电,Anomaly,异常,Section 6,S,https://cdn.prydwen.gg/images/zenless-zone-zero/characters/yanagi.webp,https://www.prydwen.gg/zenless/tier-list
20260617,2026-07-05T12:48:56,17/June/2026,2026-06-17,sd,式舆防卫,ye-shunguang,Ye Shunguang,叶瞬光,CritDPS,直伤主C,crit_dps,直伤主C,T0,11,,,,Physical,物理,Attack,强攻,Yunkui Summit,S,https://cdn.prydwen.gg/images/zenless-zone-zero/characters/ye-shunguang.webp,https://www.prydwen.gg/zenless/tier-list
20260617,2026-07-05T12:48:56,17/June/2026,2026-06-17,da,危局强袭,ye-shunguang,Ye Shunguang,叶瞬光,CritDPS,直伤主C,crit_dps,直伤主C,T0,11,,,,Physical,物理,Attack,强攻,Yunkui Summit,S,https://cdn.prydwen.gg/images/zenless-zone-zero/characters/ye-shunguang.webp,https://www.prydwen.gg/zenless/tier-list
20260617,2026-07-05T12:48:56,17/June/2026,2026-06-17,sd,式舆防卫,yidhari,Yidhari,伊德海莉·墨菲,CritDPS,直伤主C,crit_dps,直伤主C,T0.5,10,,,,Ice,冰,Rupture,命破,Spook Shack,S,https://cdn.prydwen.gg/images/zenless-zone-zero/characters/yidhari.webp,https://www.prydwen.gg/zenless/tier-list
20260617,2026-07-05T12:48:56,17/June/2026,2026-06-17,da,危局强袭,yidhari,Yidhari,伊德海莉·墨菲,CritDPS,直伤主C,crit_dps,直伤主C,T0.5,10,,,,Ice,冰,Rupture,命破,Spook Shack,S,https://cdn.prydwen.gg/images/zenless-zone-zero/characters/yidhari.webp,https://www.prydwen.gg/zenless/tier-list
20260617,2026-07-05T12:48:56,17/June/2026,2026-06-17,sd,式舆防卫,yixuan,Yixuan,仪玄,CritDPS,直伤主C,crit_dps,直伤主C,T0.5,10,,down,,Ether,以太,Rupture,命破,Yunkui Summit,S,https://cdn.prydwen.gg/images/zenless-zone-zero/characters/yixuan.webp,https://www.prydwen.gg/zenless/tier-list
20260617,2026-07-05T12:48:56,17/June/2026,2026-06-17,da,危局强袭,yixuan,Yixuan,仪玄,CritDPS,直伤主C,crit_dps,直伤主C,T0.5,10,,down,,Ether,以太,Rupture,命破,Yunkui Summit,S,https://cdn.prydwen.gg/images/zenless-zone-zero/characters/yixuan.webp,https://www.prydwen.gg/zenless/tier-list
20260617,2026-07-05T12:48:56,17/June/2026,2026-06-17,sd,式舆防卫,ukinami-yuzuha,Ukinami Yuzuha,浮波柚叶,Support,辅助,support,辅助,T0,11,,,,Physical,物理,Support,支援,Spook Shack,S,https://cdn.prydwen.gg/images/zenless-zone-zero/characters/ukinami-yuzuha.webp,https://www.prydwen.gg/zenless/tier-list
20260617,2026-07-05T12:48:56,17/June/2026,2026-06-17,da,危局强袭,ukinami-yuzuha,Ukinami Yuzuha,浮波柚叶,Support,辅助,support,辅助,T0,11,,,,Physical,物理,Support,支援,Spook Shack,S,https://cdn.prydwen.gg/images/zenless-zone-zero/characters/ukinami-yuzuha.webp,https://www.prydwen.gg/zenless/tier-list
20260617,2026-07-05T12:48:56,17/June/2026,2026-06-17,sd,式舆防卫,zhao,Zhao,照,Support,辅助,support,辅助,T0.5,10,Watchlist [DOWN],watch,,Ice,冰,Defence,防护,Krampus Compliance Authority,S,https://cdn.prydwen.gg/images/zenless-zone-zero/characters/zhao.webp,https://www.prydwen.gg/zenless/tier-list
20260617,2026-07-05T12:48:56,17/June/2026,2026-06-17,da,危局强袭,zhao,Zhao,照,Support,辅助,support,辅助,T0.5,10,Watchlist [DOWN],watch,,Ice,冰,Defence,防护,Krampus Compliance Authority,S,https://cdn.prydwen.gg/images/zenless-zone-zero/characters/zhao.webp,https://www.prydwen.gg/zenless/tier-list
20260617,2026-07-05T12:48:56,17/June/2026,2026-06-17,sd,式舆防卫,zhu-yuan,Zhu Yuan,朱鸢,CritDPS,直伤主C,crit_dps,直伤主C,T1.5,8,,down,,Ether,以太,Attack,强攻,N.E.P.S.,S,https://cdn.prydwen.gg/images/zenless-zone-zero/characters/zhu-yuan.webp,https://www.prydwen.gg/zenless/tier-list
20260617,2026-07-05T12:48:56,17/June/2026,2026-06-17,da,危局强袭,zhu-yuan,Zhu Yuan,朱鸢,CritDPS,直伤主C,crit_dps,直伤主C,T1.5,8,,down,,Ether,以太,Attack,强攻,N.E.P.S.,S,https://cdn.prydwen.gg/images/zenless-zone-zero/characters/zhu-yuan.webp,https://www.prydwen.gg/zenless/tier-list
